date,product,demand_kt,exports_kt,imports_kt,refinery_output_kt,year,month,event_phase,net_imports_kt,gross_import_dependence,net_import_to_demand_ratio,export_to_demand,refinery_output_to_demand_ratio
2002-01-01,diesel,451.0,4.0,48.0,386.0,2002,1,pre_matosinhos_closure,44.0,0.10643015521064302,0.0975609756097561,0.008869179600886918,0.8558758314855875
2002-01-01,gasoline,164.0,83.0,4.0,212.0,2002,1,pre_matosinhos_closure,-79.0,0.024390243902439025,-0.4817073170731707,0.5060975609756098,1.2926829268292683
2002-02-01,diesel,420.0,1.0,36.0,357.0,2002,2,pre_matosinhos_closure,35.0,0.08571428571428572,0.08333333333333333,0.002380952380952381,0.85
2002-02-01,gasoline,153.0,32.0,0.0,196.0,2002,2,pre_matosinhos_closure,-32.0,0.0,-0.20915032679738563,0.20915032679738563,1.2810457516339868
2002-03-01,diesel,442.0,0.0,3.0,406.0,2002,3,pre_matosinhos_closure,3.0,0.006787330316742082,0.006787330316742082,0.0,0.918552036199095
2002-03-01,gasoline,168.0,60.0,0.0,238.0,2002,3,pre_matosinhos_closure,-60.0,0.0,-0.35714285714285715,0.35714285714285715,1.4166666666666667
2002-04-01,diesel,481.0,0.0,38.0,457.0,2002,4,pre_matosinhos_closure,38.0,0.079002079002079,0.079002079002079,0.0,0.9501039501039501
2002-04-01,gasoline,169.0,94.0,3.0,240.0,2002,4,pre_matosinhos_closure,-91.0,0.01775147928994083,-0.5384615384615384,0.5562130177514792,1.4201183431952662
2002-05-01,diesel,458.0,0.0,26.0,468.0,2002,5,pre_matosinhos_closure,26.0,0.056768558951965066,0.056768558951965066,0.0,1.0218340611353711
2002-05-01,gasoline,169.0,71.0,5.0,248.0,2002,5,pre_matosinhos_closure,-66.0,0.029585798816568046,-0.3905325443786982,0.42011834319526625,1.467455621301775
2002-06-01,diesel,415.0,0.0,115.0,427.0,2002,6,pre_matosinhos_closure,115.0,0.27710843373493976,0.27710843373493976,0.0,1.0289156626506024
2002-06-01,gasoline,161.0,38.0,9.0,209.0,2002,6,pre_matosinhos_closure,-29.0,0.055900621118012424,-0.18012422360248448,0.2360248447204969,1.2981366459627328
2002-07-01,diesel,475.0,0.0,52.0,379.0,2002,7,pre_matosinhos_closure,52.0,0.10947368421052632,0.10947368421052632,0.0,0.7978947368421052
2002-07-01,gasoline,180.0,47.0,0.0,139.0,2002,7,pre_matosinhos_closure,-47.0,0.0,-0.2611111111111111,0.2611111111111111,0.7722222222222223
2002-08-01,diesel,454.0,0.0,72.0,456.0,2002,8,pre_matosinhos_closure,72.0,0.15859030837004406,0.15859030837004406,0.0,1.0044052863436124
2002-08-01,gasoline,199.0,0.0,6.0,228.0,2002,8,pre_matosinhos_closure,6.0,0.03015075376884422,0.03015075376884422,0.0,1.1457286432160805
2002-09-01,diesel,453.0,0.0,71.0,404.0,2002,9,pre_matosinhos_closure,71.0,0.15673289183222958,0.15673289183222958,0.0,0.891832229580574
2002-09-01,gasoline,161.0,10.0,1.0,218.0,2002,9,pre_matosinhos_closure,-9.0,0.006211180124223602,-0.055900621118012424,0.062111801242236024,1.3540372670807452
2002-10-01,diesel,475.0,0.0,71.0,360.0,2002,10,pre_matosinhos_closure,71.0,0.14947368421052631,0.14947368421052631,0.0,0.7578947368421053
2002-10-01,gasoline,178.0,78.0,0.0,211.0,2002,10,pre_matosinhos_closure,-78.0,0.0,-0.43820224719101125,0.43820224719101125,1.1853932584269662
2002-11-01,diesel,411.0,1.0,20.0,404.0,2002,11,pre_matosinhos_closure,19.0,0.04866180048661801,0.046228710462287104,0.0024330900243309003,0.9829683698296837
2002-11-01,gasoline,153.0,0.0,6.0,187.0,2002,11,pre_matosinhos_closure,6.0,0.0392156862745098,0.0392156862745098,0.0,1.2222222222222223
2002-12-01,diesel,427.0,0.0,28.0,283.0,2002,12,pre_matosinhos_closure,28.0,0.06557377049180328,0.06557377049180328,0.0,0.6627634660421545
2002-12-01,gasoline,168.0,28.0,2.0,190.0,2002,12,pre_matosinhos_closure,-26.0,0.011904761904761904,-0.15476190476190477,0.16666666666666666,1.130952380952381
2003-01-01,diesel,452.0,0.0,47.0,385.0,2003,1,pre_matosinhos_closure,47.0,0.10398230088495575,0.10398230088495575,0.0,0.8517699115044248
2003-01-01,gasoline,171.0,50.0,2.0,226.0,2003,1,pre_matosinhos_closure,-48.0,0.011695906432748537,-0.2807017543859649,0.29239766081871343,1.3216374269005848
2003-02-01,diesel,453.0,0.0,71.0,486.0,2003,2,pre_matosinhos_closure,71.0,0.15673289183222958,0.15673289183222958,0.0,1.0728476821192052
2003-02-01,gasoline,152.0,9.0,2.0,217.0,2003,2,pre_matosinhos_closure,-7.0,0.013157894736842105,-0.046052631578947366,0.05921052631578947,1.4276315789473684
2003-03-01,diesel,440.0,0.0,98.0,349.0,2003,3,pre_matosinhos_closure,98.0,0.22272727272727272,0.22272727272727272,0.0,0.7931818181818182
2003-03-01,gasoline,153.0,97.0,2.0,241.0,2003,3,pre_matosinhos_closure,-95.0,0.013071895424836602,-0.6209150326797386,0.6339869281045751,1.5751633986928104
2003-04-01,diesel,436.0,0.0,122.0,451.0,2003,4,pre_matosinhos_closure,122.0,0.2798165137614679,0.2798165137614679,0.0,1.0344036697247707
2003-04-01,gasoline,159.0,126.0,0.0,229.0,2003,4,pre_matosinhos_closure,-126.0,0.0,-0.7924528301886793,0.7924528301886793,1.440251572327044
2003-05-01,diesel,457.0,30.0,53.0,395.0,2003,5,pre_matosinhos_closure,23.0,0.11597374179431072,0.05032822757111598,0.06564551422319474,0.8643326039387309
2003-05-01,gasoline,165.0,44.0,5.0,267.0,2003,5,pre_matosinhos_closure,-39.0,0.030303030303030304,-0.23636363636363636,0.26666666666666666,1.6181818181818182
2003-06-01,diesel,427.0,20.0,25.0,369.0,2003,6,pre_matosinhos_closure,5.0,0.0585480093676815,0.0117096018735363,0.0468384074941452,0.8641686182669789
2003-06-01,gasoline,165.0,96.0,3.0,242.0,2003,6,pre_matosinhos_closure,-93.0,0.01818181818181818,-0.5636363636363636,0.5818181818181818,1.4666666666666666
2003-07-01,diesel,492.0,0.0,27.0,409.0,2003,7,pre_matosinhos_closure,27.0,0.054878048780487805,0.054878048780487805,0.0,0.8313008130081301
2003-07-01,gasoline,181.0,108.0,5.0,245.0,2003,7,pre_matosinhos_closure,-103.0,0.027624309392265192,-0.569060773480663,0.5966850828729282,1.3535911602209945
2003-08-01,diesel,447.0,0.0,156.0,455.0,2003,8,pre_matosinhos_closure,156.0,0.348993288590604,0.348993288590604,0.0,1.0178970917225951
2003-08-01,gasoline,194.0,36.0,12.0,242.0,2003,8,pre_matosinhos_closure,-24.0,0.061855670103092786,-0.12371134020618557,0.18556701030927836,1.2474226804123711
2003-09-01,diesel,456.0,0.0,104.0,468.0,2003,9,pre_matosinhos_closure,104.0,0.22807017543859648,0.22807017543859648,0.0,1.0263157894736843
2003-09-01,gasoline,161.0,90.0,4.0,231.0,2003,9,pre_matosinhos_closure,-86.0,0.024844720496894408,-0.5341614906832298,0.5590062111801242,1.434782608695652
2003-10-01,diesel,491.0,0.0,103.0,435.0,2003,10,pre_matosinhos_closure,103.0,0.20977596741344195,0.20977596741344195,0.0,0.8859470468431772
2003-10-01,gasoline,159.0,46.0,8.0,221.0,2003,10,pre_matosinhos_closure,-38.0,0.050314465408805034,-0.2389937106918239,0.2893081761006289,1.389937106918239
2003-11-01,diesel,441.0,0.0,26.0,389.0,2003,11,pre_matosinhos_closure,26.0,0.05895691609977324,0.05895691609977324,0.0,0.8820861678004536
2003-11-01,gasoline,155.0,63.0,3.0,199.0,2003,11,pre_matosinhos_closure,-60.0,0.01935483870967742,-0.3870967741935484,0.4064516129032258,1.2838709677419355
2003-12-01,diesel,458.0,0.0,99.0,380.0,2003,12,pre_matosinhos_closure,99.0,0.21615720524017468,0.21615720524017468,0.0,0.8296943231441049
2003-12-01,gasoline,176.0,16.0,3.0,219.0,2003,12,pre_matosinhos_closure,-13.0,0.017045454545454544,-0.07386363636363637,0.09090909090909091,1.2443181818181819
2004-01-01,diesel,448.0,1.0,46.0,369.0,2004,1,pre_matosinhos_closure,45.0,0.10267857142857142,0.10044642857142858,0.002232142857142857,0.8236607142857143
2004-01-01,gasoline,157.0,19.0,7.0,195.0,2004,1,pre_matosinhos_closure,-12.0,0.044585987261146494,-0.07643312101910828,0.12101910828025478,1.2420382165605095
2004-02-01,diesel,433.0,0.0,180.0,135.0,2004,2,pre_matosinhos_closure,180.0,0.41570438799076215,0.41570438799076215,0.0,0.3117782909930716
2004-02-01,gasoline,146.0,0.0,11.0,69.0,2004,2,pre_matosinhos_closure,11.0,0.07534246575342465,0.07534246575342465,0.0,0.4726027397260274
2004-03-01,diesel,520.0,0.0,161.0,246.0,2004,3,pre_matosinhos_closure,161.0,0.3096153846153846,0.3096153846153846,0.0,0.47307692307692306
2004-03-01,gasoline,166.0,0.0,11.0,115.0,2004,3,pre_matosinhos_closure,11.0,0.06626506024096386,0.06626506024096386,0.0,0.6927710843373494
2004-04-01,diesel,480.0,0.0,30.0,458.0,2004,4,pre_matosinhos_closure,30.0,0.0625,0.0625,0.0,0.9541666666666667
2004-04-01,gasoline,164.0,63.0,14.0,228.0,2004,4,pre_matosinhos_closure,-49.0,0.08536585365853659,-0.29878048780487804,0.38414634146341464,1.3902439024390243
2004-05-01,diesel,479.0,5.0,60.0,471.0,2004,5,pre_matosinhos_closure,55.0,0.12526096033402923,0.11482254697286012,0.010438413361169102,0.9832985386221295
2004-05-01,gasoline,158.0,105.0,7.0,284.0,2004,5,pre_matosinhos_closure,-98.0,0.04430379746835443,-0.620253164556962,0.6645569620253164,1.7974683544303798
2004-06-01,diesel,466.0,0.0,59.0,466.0,2004,6,pre_matosinhos_closure,59.0,0.12660944206008584,0.12660944206008584,0.0,1.0
2004-06-01,gasoline,159.0,103.0,10.0,240.0,2004,6,pre_matosinhos_closure,-93.0,0.06289308176100629,-0.5849056603773585,0.6477987421383647,1.509433962264151
2004-07-01,diesel,496.0,0.0,48.0,480.0,2004,7,pre_matosinhos_closure,48.0,0.0967741935483871,0.0967741935483871,0.0,0.967741935483871
2004-07-01,gasoline,171.0,98.0,14.0,234.0,2004,7,pre_matosinhos_closure,-84.0,0.08187134502923976,-0.49122807017543857,0.5730994152046783,1.368421052631579
2004-08-01,diesel,465.0,30.0,61.0,402.0,2004,8,pre_matosinhos_closure,31.0,0.13118279569892474,0.06666666666666667,0.06451612903225806,0.864516129032258
2004-08-01,gasoline,181.0,63.0,15.0,252.0,2004,8,pre_matosinhos_closure,-48.0,0.08287292817679558,-0.26519337016574585,0.34806629834254144,1.3922651933701657
2004-09-01,diesel,474.0,0.0,46.0,452.0,2004,9,pre_matosinhos_closure,46.0,0.0970464135021097,0.0970464135021097,0.0,0.9535864978902954
2004-09-01,gasoline,154.0,118.0,15.0,236.0,2004,9,pre_matosinhos_closure,-103.0,0.09740259740259741,-0.6688311688311688,0.7662337662337663,1.5324675324675325
2004-10-01,diesel,463.0,1.0,26.0,434.0,2004,10,pre_matosinhos_closure,25.0,0.056155507559395246,0.05399568034557235,0.0021598272138228943,0.937365010799136
2004-10-01,gasoline,150.0,81.0,5.0,252.0,2004,10,pre_matosinhos_closure,-76.0,0.03333333333333333,-0.5066666666666667,0.54,1.68
2004-11-01,diesel,489.0,25.0,68.0,424.0,2004,11,pre_matosinhos_closure,43.0,0.1390593047034765,0.08793456032719836,0.05112474437627812,0.8670756646216768
2004-11-01,gasoline,153.0,101.0,12.0,208.0,2004,11,pre_matosinhos_closure,-89.0,0.0784313725490196,-0.5816993464052288,0.6601307189542484,1.3594771241830066
2004-12-01,diesel,477.0,8.0,61.0,410.0,2004,12,pre_matosinhos_closure,53.0,0.1278825995807128,0.1111111111111111,0.016771488469601678,0.859538784067086
2004-12-01,gasoline,168.0,53.0,10.0,207.0,2004,12,pre_matosinhos_closure,-43.0,0.05952380952380952,-0.25595238095238093,0.31547619047619047,1.2321428571428572
2005-01-01,diesel,467.0,4.0,88.0,412.0,2005,1,pre_matosinhos_closure,84.0,0.18843683083511778,0.17987152034261242,0.008565310492505354,0.8822269807280514
2005-01-01,gasoline,147.0,60.0,8.0,221.0,2005,1,pre_matosinhos_closure,-52.0,0.05442176870748299,-0.35374149659863946,0.40816326530612246,1.5034013605442176
2005-02-01,diesel,442.0,56.0,66.0,385.0,2005,2,pre_matosinhos_closure,10.0,0.1493212669683258,0.02262443438914027,0.12669683257918551,0.8710407239819005
2005-02-01,gasoline,136.0,96.0,11.0,195.0,2005,2,pre_matosinhos_closure,-85.0,0.08088235294117647,-0.625,0.7058823529411765,1.4338235294117647
2005-03-01,diesel,499.0,0.0,103.0,376.0,2005,3,pre_matosinhos_closure,103.0,0.20641282565130262,0.20641282565130262,0.0,0.7535070140280561
2005-03-01,gasoline,155.0,47.0,11.0,208.0,2005,3,pre_matosinhos_closure,-36.0,0.07096774193548387,-0.23225806451612904,0.3032258064516129,1.3419354838709678
2005-04-01,diesel,457.0,0.0,88.0,378.0,2005,4,pre_matosinhos_closure,88.0,0.1925601750547046,0.1925601750547046,0.0,0.8271334792122538
2005-04-01,gasoline,146.0,92.0,11.0,220.0,2005,4,pre_matosinhos_closure,-81.0,0.07534246575342465,-0.5547945205479452,0.6301369863013698,1.5068493150684932
2005-05-01,diesel,482.0,0.0,106.0,400.0,2005,5,pre_matosinhos_closure,106.0,0.21991701244813278,0.21991701244813278,0.0,0.8298755186721992
2005-05-01,gasoline,154.0,30.0,15.0,158.0,2005,5,pre_matosinhos_closure,-15.0,0.09740259740259741,-0.09740259740259741,0.19480519480519481,1.025974025974026
2005-06-01,diesel,484.0,0.0,63.0,458.0,2005,6,pre_matosinhos_closure,63.0,0.13016528925619836,0.13016528925619836,0.0,0.9462809917355371
2005-06-01,gasoline,155.0,56.0,9.0,198.0,2005,6,pre_matosinhos_closure,-47.0,0.05806451612903226,-0.3032258064516129,0.36129032258064514,1.2774193548387096
2005-07-01,diesel,459.0,36.0,57.0,438.0,2005,7,pre_matosinhos_closure,21.0,0.12418300653594772,0.0457516339869281,0.0784313725490196,0.954248366013072
2005-07-01,gasoline,156.0,74.0,11.0,214.0,2005,7,pre_matosinhos_closure,-63.0,0.07051282051282051,-0.40384615384615385,0.47435897435897434,1.3717948717948718
2005-08-01,diesel,475.0,22.0,46.0,466.0,2005,8,pre_matosinhos_closure,24.0,0.0968421052631579,0.05052631578947368,0.04631578947368421,0.9810526315789474
2005-08-01,gasoline,175.0,49.0,15.0,219.0,2005,8,pre_matosinhos_closure,-34.0,0.08571428571428572,-0.19428571428571428,0.28,1.2514285714285713
2005-09-01,diesel,460.0,28.0,58.0,453.0,2005,9,pre_matosinhos_closure,30.0,0.12608695652173912,0.06521739130434782,0.06086956521739131,0.9847826086956522
2005-09-01,gasoline,143.0,83.0,9.0,231.0,2005,9,pre_matosinhos_closure,-74.0,0.06293706293706294,-0.5174825174825175,0.5804195804195804,1.6153846153846154
2005-10-01,diesel,449.0,39.0,52.0,421.0,2005,10,pre_matosinhos_closure,13.0,0.11581291759465479,0.028953229398663696,0.08685968819599109,0.9376391982182628
2005-10-01,gasoline,141.0,85.0,12.0,220.0,2005,10,pre_matosinhos_closure,-73.0,0.0851063829787234,-0.5177304964539007,0.6028368794326241,1.5602836879432624
2005-11-01,diesel,468.0,26.0,59.0,459.0,2005,11,pre_matosinhos_closure,33.0,0.12606837606837606,0.07051282051282051,0.05555555555555555,0.9807692307692307
2005-11-01,gasoline,138.0,74.0,11.0,187.0,2005,11,pre_matosinhos_closure,-63.0,0.07971014492753623,-0.45652173913043476,0.5362318840579711,1.355072463768116
2005-12-01,diesel,490.0,0.0,89.0,397.0,2005,12,pre_matosinhos_closure,89.0,0.1816326530612245,0.1816326530612245,0.0,0.810204081632653
2005-12-01,gasoline,158.0,46.0,7.0,205.0,2005,12,pre_matosinhos_closure,-39.0,0.04430379746835443,-0.2468354430379747,0.2911392405063291,1.2974683544303798
2006-01-01,diesel,469.0,2.0,81.0,447.0,2006,1,pre_matosinhos_closure,79.0,0.17270788912579957,0.16844349680170576,0.0042643923240938165,0.9530916844349681
2006-01-01,gasoline,136.0,80.0,7.0,182.0,2006,1,pre_matosinhos_closure,-73.0,0.051470588235294115,-0.5367647058823529,0.5882352941176471,1.338235294117647
2006-02-01,diesel,435.0,31.0,48.0,374.0,2006,2,pre_matosinhos_closure,17.0,0.1103448275862069,0.03908045977011494,0.07126436781609195,0.8597701149425288
2006-02-01,gasoline,128.0,82.0,4.0,202.0,2006,2,pre_matosinhos_closure,-78.0,0.03125,-0.609375,0.640625,1.578125
2006-03-01,diesel,487.0,45.0,46.0,432.0,2006,3,pre_matosinhos_closure,1.0,0.0944558521560575,0.002053388090349076,0.09240246406570841,0.8870636550308009
2006-03-01,gasoline,145.0,98.0,13.0,210.0,2006,3,pre_matosinhos_closure,-85.0,0.0896551724137931,-0.5862068965517241,0.6758620689655173,1.4482758620689655
2006-04-01,diesel,435.0,0.0,44.0,479.0,2006,4,pre_matosinhos_closure,44.0,0.10114942528735632,0.10114942528735632,0.0,1.1011494252873564
2006-04-01,gasoline,140.0,81.0,13.0,237.0,2006,4,pre_matosinhos_closure,-68.0,0.09285714285714286,-0.4857142857142857,0.5785714285714286,1.6928571428571428
2006-05-01,diesel,475.0,76.0,55.0,402.0,2006,5,pre_matosinhos_closure,-21.0,0.11578947368421053,-0.04421052631578947,0.16,0.8463157894736842
2006-05-01,gasoline,140.0,127.0,6.0,276.0,2006,5,pre_matosinhos_closure,-121.0,0.04285714285714286,-0.8642857142857143,0.9071428571428571,1.9714285714285715
2006-06-01,diesel,449.0,28.0,16.0,441.0,2006,6,pre_matosinhos_closure,-12.0,0.035634743875278395,-0.026726057906458798,0.062360801781737196,0.9821826280623608
2006-06-01,gasoline,137.0,130.0,5.0,249.0,2006,6,pre_matosinhos_closure,-125.0,0.0364963503649635,-0.9124087591240876,0.948905109489051,1.8175182481751824
2006-07-01,diesel,458.0,27.0,70.0,422.0,2006,7,pre_matosinhos_closure,43.0,0.15283842794759825,0.09388646288209607,0.05895196506550218,0.9213973799126638
2006-07-01,gasoline,147.0,145.0,13.0,227.0,2006,7,pre_matosinhos_closure,-132.0,0.08843537414965986,-0.8979591836734694,0.9863945578231292,1.5442176870748299
2006-08-01,diesel,456.0,0.0,39.0,424.0,2006,8,pre_matosinhos_closure,39.0,0.08552631578947369,0.08552631578947369,0.0,0.9298245614035088
2006-08-01,gasoline,153.0,144.0,9.0,275.0,2006,8,pre_matosinhos_closure,-135.0,0.058823529411764705,-0.8823529411764706,0.9411764705882353,1.7973856209150327
2006-09-01,diesel,445.0,26.0,30.0,390.0,2006,9,pre_matosinhos_closure,4.0,0.06741573033707865,0.008988764044943821,0.058426966292134834,0.8764044943820225
2006-09-01,gasoline,137.0,102.0,4.0,212.0,2006,9,pre_matosinhos_closure,-98.0,0.029197080291970802,-0.7153284671532847,0.7445255474452555,1.5474452554744527
2006-10-01,diesel,462.0,52.0,81.0,429.0,2006,10,pre_matosinhos_closure,29.0,0.17532467532467533,0.06277056277056277,0.11255411255411256,0.9285714285714286
2006-10-01,gasoline,136.0,112.0,11.0,250.0,2006,10,pre_matosinhos_closure,-101.0,0.08088235294117647,-0.7426470588235294,0.8235294117647058,1.838235294117647
2006-11-01,diesel,442.0,27.0,55.0,384.0,2006,11,pre_matosinhos_closure,28.0,0.1244343891402715,0.06334841628959276,0.06108597285067873,0.8687782805429864
2006-11-01,gasoline,132.0,35.0,10.0,200.0,2006,11,pre_matosinhos_closure,-25.0,0.07575757575757576,-0.1893939393939394,0.26515151515151514,1.5151515151515151
2006-12-01,diesel,458.0,0.0,70.0,431.0,2006,12,pre_matosinhos_closure,70.0,0.15283842794759825,0.15283842794759825,0.0,0.9410480349344978
2006-12-01,gasoline,147.0,137.0,9.0,206.0,2006,12,pre_matosinhos_closure,-128.0,0.061224489795918366,-0.8707482993197279,0.9319727891156463,1.401360544217687
2007-01-01,diesel,456.0,0.0,49.0,434.0,2007,1,pre_matosinhos_closure,49.0,0.1074561403508772,0.1074561403508772,0.0,0.9517543859649122
2007-01-01,gasoline,130.0,58.0,4.0,217.0,2007,1,pre_matosinhos_closure,-54.0,0.03076923076923077,-0.4153846153846154,0.4461538461538462,1.6692307692307693
2007-02-01,diesel,410.0,1.0,55.0,366.0,2007,2,pre_matosinhos_closure,54.0,0.13414634146341464,0.13170731707317074,0.0024390243902439024,0.8926829268292683
2007-02-01,gasoline,119.0,93.0,7.0,176.0,2007,2,pre_matosinhos_closure,-86.0,0.058823529411764705,-0.7226890756302521,0.7815126050420168,1.4789915966386555
2007-03-01,diesel,478.0,39.0,48.0,344.0,2007,3,pre_matosinhos_closure,9.0,0.100418410041841,0.01882845188284519,0.08158995815899582,0.7196652719665272
2007-03-01,gasoline,136.0,79.0,4.0,201.0,2007,3,pre_matosinhos_closure,-75.0,0.029411764705882353,-0.5514705882352942,0.5808823529411765,1.4779411764705883
2007-04-01,diesel,446.0,1.0,38.0,468.0,2007,4,pre_matosinhos_closure,37.0,0.08520179372197309,0.08295964125560538,0.002242152466367713,1.0493273542600896
2007-04-01,gasoline,131.0,75.0,10.0,216.0,2007,4,pre_matosinhos_closure,-65.0,0.07633587786259542,-0.4961832061068702,0.5725190839694656,1.6488549618320612
2007-05-01,diesel,481.0,33.0,65.0,407.0,2007,5,pre_matosinhos_closure,32.0,0.13513513513513514,0.06652806652806653,0.06860706860706861,0.8461538461538461
2007-05-01,gasoline,133.0,66.0,5.0,223.0,2007,5,pre_matosinhos_closure,-61.0,0.03759398496240601,-0.45864661654135336,0.49624060150375937,1.6766917293233083
2007-06-01,diesel,445.0,0.0,99.0,402.0,2007,6,pre_matosinhos_closure,99.0,0.22247191011235956,0.22247191011235956,0.0,0.903370786516854
2007-06-01,gasoline,130.0,144.0,4.0,230.0,2007,6,pre_matosinhos_closure,-140.0,0.03076923076923077,-1.0769230769230769,1.1076923076923078,1.7692307692307692
2007-07-01,diesel,472.0,0.0,46.0,381.0,2007,7,pre_matosinhos_closure,46.0,0.09745762711864407,0.09745762711864407,0.0,0.8072033898305084
2007-07-01,gasoline,139.0,133.0,4.0,244.0,2007,7,pre_matosinhos_closure,-129.0,0.02877697841726619,-0.9280575539568345,0.9568345323741008,1.7553956834532374
2007-08-01,diesel,478.0,0.0,43.0,438.0,2007,8,pre_matosinhos_closure,43.0,0.0899581589958159,0.0899581589958159,0.0,0.9163179916317992
2007-08-01,gasoline,154.0,48.0,13.0,211.0,2007,8,pre_matosinhos_closure,-35.0,0.08441558441558442,-0.22727272727272727,0.3116883116883117,1.37012987012987
2007-09-01,diesel,444.0,82.0,89.0,422.0,2007,9,pre_matosinhos_closure,7.0,0.20045045045045046,0.015765765765765764,0.18468468468468469,0.9504504504504504
2007-09-01,gasoline,126.0,120.0,4.0,231.0,2007,9,pre_matosinhos_closure,-116.0,0.031746031746031744,-0.9206349206349206,0.9523809523809523,1.8333333333333333
2007-10-01,diesel,499.0,18.0,98.0,387.0,2007,10,pre_matosinhos_closure,80.0,0.1963927855711423,0.16032064128256512,0.036072144288577156,0.7755511022044088
2007-10-01,gasoline,132.0,98.0,23.0,216.0,2007,10,pre_matosinhos_closure,-75.0,0.17424242424242425,-0.5681818181818182,0.7424242424242424,1.6363636363636365
2007-11-01,diesel,468.0,1.0,49.0,301.0,2007,11,pre_matosinhos_closure,48.0,0.1047008547008547,0.10256410256410256,0.002136752136752137,0.6431623931623932
2007-11-01,gasoline,123.0,93.0,3.0,164.0,2007,11,pre_matosinhos_closure,-90.0,0.024390243902439025,-0.7317073170731707,0.7560975609756098,1.3333333333333333
2007-12-01,diesel,453.0,18.0,96.0,395.0,2007,12,pre_matosinhos_closure,78.0,0.2119205298013245,0.17218543046357615,0.039735099337748346,0.8719646799116998
2007-12-01,gasoline,134.0,84.0,11.0,237.0,2007,12,pre_matosinhos_closure,-73.0,0.08208955223880597,-0.5447761194029851,0.6268656716417911,1.7686567164179106
2008-01-01,diesel,451.0,18.0,67.0,456.0,2008,1,pre_matosinhos_closure,49.0,0.14855875831485588,0.10864745011086474,0.03991130820399113,1.0110864745011086
2008-01-01,gasoline,121.0,79.0,3.0,231.0,2008,1,pre_matosinhos_closure,-76.0,0.024793388429752067,-0.628099173553719,0.6528925619834711,1.9090909090909092
2008-02-01,diesel,439.0,19.0,68.0,427.0,2008,2,pre_matosinhos_closure,49.0,0.1548974943052392,0.11161731207289294,0.04328018223234624,0.9726651480637813
2008-02-01,gasoline,116.0,125.0,10.0,187.0,2008,2,pre_matosinhos_closure,-115.0,0.08620689655172414,-0.9913793103448276,1.0775862068965518,1.6120689655172413
2008-03-01,diesel,443.0,1.0,29.0,396.0,2008,3,pre_matosinhos_closure,28.0,0.0654627539503386,0.06320541760722348,0.002257336343115124,0.8939051918735892
2008-03-01,gasoline,122.0,92.0,3.0,186.0,2008,3,pre_matosinhos_closure,-89.0,0.02459016393442623,-0.7295081967213115,0.7540983606557377,1.5245901639344261
2008-04-01,diesel,471.0,1.0,40.0,410.0,2008,4,pre_matosinhos_closure,39.0,0.08492569002123142,0.08280254777070063,0.0021231422505307855,0.8704883227176221
2008-04-01,gasoline,125.0,77.0,16.0,196.0,2008,4,pre_matosinhos_closure,-61.0,0.128,-0.488,0.616,1.568
2008-05-01,diesel,458.0,4.0,65.0,470.0,2008,5,pre_matosinhos_closure,61.0,0.14192139737991266,0.1331877729257642,0.008733624454148471,1.0262008733624455
2008-05-01,gasoline,125.0,80.0,3.0,205.0,2008,5,pre_matosinhos_closure,-77.0,0.024,-0.616,0.64,1.64
2008-06-01,diesel,422.0,0.0,31.0,339.0,2008,6,pre_matosinhos_closure,31.0,0.07345971563981042,0.07345971563981042,0.0,0.8033175355450237
2008-06-01,gasoline,117.0,79.0,7.0,233.0,2008,6,pre_matosinhos_closure,-72.0,0.05982905982905983,-0.6153846153846154,0.6752136752136753,1.9914529914529915
2008-07-01,diesel,480.0,85.0,116.0,423.0,2008,7,pre_matosinhos_closure,31.0,0.24166666666666667,0.06458333333333334,0.17708333333333334,0.88125
2008-07-01,gasoline,130.0,111.0,4.0,199.0,2008,7,pre_matosinhos_closure,-107.0,0.03076923076923077,-0.823076923076923,0.8538461538461538,1.5307692307692307
2008-08-01,diesel,451.0,0.0,43.0,472.0,2008,8,pre_matosinhos_closure,43.0,0.09534368070953436,0.09534368070953436,0.0,1.0465631929046564
2008-08-01,gasoline,139.0,33.0,4.0,170.0,2008,8,pre_matosinhos_closure,-29.0,0.02877697841726619,-0.20863309352517986,0.23741007194244604,1.223021582733813
2008-09-01,diesel,454.0,3.0,179.0,194.0,2008,9,pre_matosinhos_closure,176.0,0.394273127753304,0.3876651982378855,0.006607929515418502,0.42731277533039647
2008-09-01,gasoline,121.0,0.0,18.0,97.0,2008,9,pre_matosinhos_closure,18.0,0.1487603305785124,0.1487603305785124,0.0,0.8016528925619835
2008-10-01,diesel,472.0,0.0,157.0,228.0,2008,10,pre_matosinhos_closure,157.0,0.3326271186440678,0.3326271186440678,0.0,0.4830508474576271
2008-10-01,gasoline,121.0,0.0,9.0,69.0,2008,10,pre_matosinhos_closure,9.0,0.0743801652892562,0.0743801652892562,0.0,0.5702479338842975
2008-11-01,diesel,449.0,33.0,140.0,362.0,2008,11,pre_matosinhos_closure,107.0,0.311804008908686,0.2383073496659243,0.07349665924276169,0.8062360801781737
2008-11-01,gasoline,118.0,12.0,16.0,133.0,2008,11,pre_matosinhos_closure,4.0,0.13559322033898305,0.03389830508474576,0.1016949152542373,1.1271186440677967
2008-12-01,diesel,460.0,0.0,71.0,494.0,2008,12,pre_matosinhos_closure,71.0,0.15434782608695652,0.15434782608695652,0.0,1.0739130434782609
2008-12-01,gasoline,132.0,78.0,23.0,201.0,2008,12,pre_matosinhos_closure,-55.0,0.17424242424242425,-0.4166666666666667,0.5909090909090909,1.5227272727272727
2009-01-01,diesel,444.0,0.0,122.0,288.0,2009,1,pre_matosinhos_closure,122.0,0.2747747747747748,0.2747747747747748,0.0,0.6486486486486487
2009-01-01,gasoline,116.0,72.0,12.0,153.0,2009,1,pre_matosinhos_closure,-60.0,0.10344827586206896,-0.5172413793103449,0.6206896551724138,1.3189655172413792
2009-02-01,diesel,411.0,0.0,269.0,100.0,2009,2,pre_matosinhos_closure,269.0,0.6545012165450121,0.6545012165450121,0.0,0.24330900243309003
2009-02-01,gasoline,109.0,25.0,54.0,19.0,2009,2,pre_matosinhos_closure,29.0,0.4954128440366973,0.26605504587155965,0.22935779816513763,0.1743119266055046
2009-03-01,diesel,481.0,0.0,136.0,262.0,2009,3,pre_matosinhos_closure,136.0,0.28274428274428276,0.28274428274428276,0.0,0.5446985446985447
2009-03-01,gasoline,124.0,0.0,47.0,154.0,2009,3,pre_matosinhos_closure,47.0,0.3790322580645161,0.3790322580645161,0.0,1.2419354838709677
2009-04-01,diesel,450.0,11.0,239.0,359.0,2009,4,pre_matosinhos_closure,228.0,0.5311111111111111,0.5066666666666667,0.024444444444444446,0.7977777777777778
2009-04-01,gasoline,120.0,40.0,13.0,140.0,2009,4,pre_matosinhos_closure,-27.0,0.10833333333333334,-0.225,0.3333333333333333,1.1666666666666667
2009-05-01,diesel,454.0,2.0,102.0,372.0,2009,5,pre_matosinhos_closure,100.0,0.22466960352422907,0.22026431718061673,0.004405286343612335,0.8193832599118943
2009-05-01,gasoline,122.0,88.0,12.0,193.0,2009,5,pre_matosinhos_closure,-76.0,0.09836065573770492,-0.6229508196721312,0.7213114754098361,1.5819672131147542
2009-06-01,diesel,468.0,3.0,71.0,389.0,2009,6,pre_matosinhos_closure,68.0,0.1517094017094017,0.1452991452991453,0.00641025641025641,0.8311965811965812
2009-06-01,gasoline,126.0,97.0,11.0,209.0,2009,6,pre_matosinhos_closure,-86.0,0.0873015873015873,-0.6825396825396826,0.7698412698412699,1.6587301587301588
2009-07-01,diesel,523.0,3.0,89.0,355.0,2009,7,pre_matosinhos_closure,86.0,0.1701720841300191,0.16443594646271512,0.0057361376673040155,0.6787762906309751
2009-07-01,gasoline,140.0,79.0,14.0,168.0,2009,7,pre_matosinhos_closure,-65.0,0.1,-0.4642857142857143,0.5642857142857143,1.2
2009-08-01,diesel,460.0,0.0,101.0,412.0,2009,8,pre_matosinhos_closure,101.0,0.21956521739130436,0.21956521739130436,0.0,0.8956521739130435
2009-08-01,gasoline,138.0,67.0,20.0,185.0,2009,8,pre_matosinhos_closure,-47.0,0.14492753623188406,-0.34057971014492755,0.4855072463768116,1.3405797101449275
2009-09-01,diesel,460.0,1.0,66.0,443.0,2009,9,pre_matosinhos_closure,65.0,0.14347826086956522,0.14130434782608695,0.002173913043478261,0.9630434782608696
2009-09-01,gasoline,121.0,114.0,14.0,244.0,2009,9,pre_matosinhos_closure,-100.0,0.11570247933884298,-0.8264462809917356,0.9421487603305785,2.0165289256198347
2009-10-01,diesel,481.0,35.0,109.0,422.0,2009,10,pre_matosinhos_closure,74.0,0.22661122661122662,0.15384615384615385,0.07276507276507277,0.8773388773388774
2009-10-01,gasoline,123.0,108.0,11.0,188.0,2009,10,pre_matosinhos_closure,-97.0,0.08943089430894309,-0.7886178861788617,0.8780487804878049,1.5284552845528456
2009-11-01,diesel,444.0,21.0,91.0,290.0,2009,11,pre_matosinhos_closure,70.0,0.20495495495495494,0.15765765765765766,0.0472972972972973,0.6531531531531531
2009-11-01,gasoline,111.0,78.0,13.0,170.0,2009,11,pre_matosinhos_closure,-65.0,0.11711711711711711,-0.5855855855855856,0.7027027027027027,1.5315315315315314
2009-12-01,diesel,461.0,18.0,80.0,382.0,2009,12,pre_matosinhos_closure,62.0,0.1735357917570499,0.13449023861171366,0.039045553145336226,0.8286334056399133
2009-12-01,gasoline,126.0,68.0,14.0,202.0,2009,12,pre_matosinhos_closure,-54.0,0.1111111111111111,-0.42857142857142855,0.5396825396825397,1.6031746031746033
2010-01-01,diesel,413.0,0.0,35.0,345.0,2010,1,pre_matosinhos_closure,35.0,0.0847457627118644,0.0847457627118644,0.0,0.8353510895883777
2010-01-01,gasoline,108.0,101.0,16.0,183.0,2010,1,pre_matosinhos_closure,-85.0,0.14814814814814814,-0.7870370370370371,0.9351851851851852,1.6944444444444444
2010-02-01,diesel,428.0,3.0,64.0,305.0,2010,2,pre_matosinhos_closure,61.0,0.14953271028037382,0.1425233644859813,0.007009345794392523,0.7126168224299065
2010-02-01,gasoline,104.0,34.0,10.0,162.0,2010,2,pre_matosinhos_closure,-24.0,0.09615384615384616,-0.23076923076923078,0.3269230769230769,1.5576923076923077
2010-03-01,diesel,487.0,21.0,159.0,400.0,2010,3,pre_matosinhos_closure,138.0,0.3264887063655031,0.28336755646817247,0.043121149897330596,0.8213552361396304
2010-03-01,gasoline,119.0,137.0,11.0,187.0,2010,3,pre_matosinhos_closure,-126.0,0.09243697478991597,-1.0588235294117647,1.1512605042016806,1.5714285714285714
2010-04-01,diesel,463.0,0.0,85.0,267.0,2010,4,pre_matosinhos_closure,85.0,0.183585313174946,0.183585313174946,0.0,0.5766738660907127
2010-04-01,gasoline,116.0,68.0,8.0,132.0,2010,4,pre_matosinhos_closure,-60.0,0.06896551724137931,-0.5172413793103449,0.5862068965517241,1.1379310344827587
2010-05-01,diesel,472.0,3.0,85.0,384.0,2010,5,pre_matosinhos_closure,82.0,0.18008474576271186,0.17372881355932204,0.006355932203389831,0.8135593220338984
2010-05-01,gasoline,118.0,74.0,30.0,221.0,2010,5,pre_matosinhos_closure,-44.0,0.2542372881355932,-0.3728813559322034,0.6271186440677966,1.8728813559322033
2010-06-01,diesel,458.0,0.0,74.0,406.0,2010,6,pre_matosinhos_closure,74.0,0.1615720524017467,0.1615720524017467,0.0,0.8864628820960698
2010-06-01,gasoline,112.0,116.0,15.0,204.0,2010,6,pre_matosinhos_closure,-101.0,0.13392857142857142,-0.9017857142857143,1.0357142857142858,1.8214285714285714
2010-07-01,diesel,490.0,3.0,113.0,409.0,2010,7,pre_matosinhos_closure,110.0,0.23061224489795917,0.22448979591836735,0.006122448979591836,0.8346938775510204
2010-07-01,gasoline,130.0,99.0,15.0,185.0,2010,7,pre_matosinhos_closure,-84.0,0.11538461538461539,-0.6461538461538462,0.7615384615384615,1.4230769230769231
2010-08-01,diesel,488.0,0.0,76.0,403.0,2010,8,pre_matosinhos_closure,76.0,0.1557377049180328,0.1557377049180328,0.0,0.8258196721311475
2010-08-01,gasoline,133.0,118.0,15.0,192.0,2010,8,pre_matosinhos_closure,-103.0,0.11278195488721804,-0.7744360902255639,0.8872180451127819,1.443609022556391
2010-09-01,diesel,468.0,3.0,172.0,389.0,2010,9,pre_matosinhos_closure,169.0,0.36752136752136755,0.3611111111111111,0.00641025641025641,0.8311965811965812
2010-09-01,gasoline,116.0,67.0,14.0,148.0,2010,9,pre_matosinhos_closure,-53.0,0.1206896551724138,-0.45689655172413796,0.5775862068965517,1.2758620689655173
2010-10-01,diesel,470.0,2.0,88.0,288.0,2010,10,pre_matosinhos_closure,86.0,0.18723404255319148,0.1829787234042553,0.00425531914893617,0.6127659574468085
2010-10-01,gasoline,115.0,78.0,19.0,189.0,2010,10,pre_matosinhos_closure,-59.0,0.16521739130434782,-0.5130434782608696,0.6782608695652174,1.6434782608695653
2010-11-01,diesel,466.0,0.0,144.0,318.0,2010,11,pre_matosinhos_closure,144.0,0.3090128755364807,0.3090128755364807,0.0,0.6824034334763949
2010-11-01,gasoline,110.0,68.0,13.0,198.0,2010,11,pre_matosinhos_closure,-55.0,0.11818181818181818,-0.5,0.6181818181818182,1.8
2010-12-01,diesel,498.0,0.0,72.0,359.0,2010,12,pre_matosinhos_closure,72.0,0.14457831325301204,0.14457831325301204,0.0,0.7208835341365462
2010-12-01,gasoline,123.0,75.0,9.0,167.0,2010,12,pre_matosinhos_closure,-66.0,0.07317073170731707,-0.5365853658536586,0.6097560975609756,1.3577235772357723
2011-01-01,diesel,405.0,3.0,175.0,194.0,2011,1,pre_matosinhos_closure,172.0,0.43209876543209874,0.4246913580246914,0.007407407407407408,0.47901234567901235
2011-01-01,gasoline,99.0,1.0,8.0,71.0,2011,1,pre_matosinhos_closure,7.0,0.08080808080808081,0.0707070707070707,0.010101010101010102,0.7171717171717171
2011-02-01,diesel,412.0,3.0,253.0,168.0,2011,2,pre_matosinhos_closure,250.0,0.6140776699029126,0.6067961165048543,0.007281553398058253,0.4077669902912621
2011-02-01,gasoline,99.0,1.0,27.0,61.0,2011,2,pre_matosinhos_closure,26.0,0.2727272727272727,0.26262626262626265,0.010101010101010102,0.6161616161616161
2011-03-01,diesel,449.0,27.0,103.0,370.0,2011,3,pre_matosinhos_closure,76.0,0.22939866369710468,0.16926503340757237,0.060133630289532294,0.8240534521158129
2011-03-01,gasoline,108.0,0.0,14.0,137.0,2011,3,pre_matosinhos_closure,14.0,0.12962962962962962,0.12962962962962962,0.0,1.2685185185185186
2011-04-01,diesel,425.0,3.0,103.0,400.0,2011,4,pre_matosinhos_closure,100.0,0.24235294117647058,0.23529411764705882,0.007058823529411765,0.9411764705882353
2011-04-01,gasoline,107.0,119.0,7.0,150.0,2011,4,pre_matosinhos_closure,-112.0,0.06542056074766354,-1.0467289719626167,1.1121495327102804,1.4018691588785046
2011-05-01,diesel,456.0,4.0,57.0,336.0,2011,5,pre_matosinhos_closure,53.0,0.125,0.1162280701754386,0.008771929824561403,0.7368421052631579
2011-05-01,gasoline,106.0,34.0,14.0,166.0,2011,5,pre_matosinhos_closure,-20.0,0.1320754716981132,-0.18867924528301888,0.32075471698113206,1.5660377358490567
2011-06-01,diesel,439.0,0.0,64.0,340.0,2011,6,pre_matosinhos_closure,64.0,0.14578587699316628,0.14578587699316628,0.0,0.7744874715261959
2011-06-01,gasoline,108.0,108.0,11.0,163.0,2011,6,pre_matosinhos_closure,-97.0,0.10185185185185185,-0.8981481481481481,1.0,1.5092592592592593
2011-07-01,diesel,447.0,0.0,88.0,306.0,2011,7,pre_matosinhos_closure,88.0,0.19686800894854586,0.19686800894854586,0.0,0.6845637583892618
2011-07-01,gasoline,113.0,69.0,14.0,151.0,2011,7,pre_matosinhos_closure,-55.0,0.12389380530973451,-0.48672566371681414,0.6106194690265486,1.336283185840708
2011-08-01,diesel,462.0,0.0,148.0,354.0,2011,8,pre_matosinhos_closure,148.0,0.3203463203463203,0.3203463203463203,0.0,0.7662337662337663
2011-08-01,gasoline,120.0,120.0,24.0,191.0,2011,8,pre_matosinhos_closure,-96.0,0.2,-0.8,1.0,1.5916666666666666
2011-09-01,diesel,434.0,4.0,54.0,334.0,2011,9,pre_matosinhos_closure,50.0,0.12442396313364056,0.1152073732718894,0.009216589861751152,0.7695852534562212
2011-09-01,gasoline,101.0,129.0,16.0,173.0,2011,9,pre_matosinhos_closure,-113.0,0.15841584158415842,-1.118811881188119,1.2772277227722773,1.7128712871287128
2011-10-01,diesel,422.0,69.0,95.0,305.0,2011,10,pre_matosinhos_closure,26.0,0.22511848341232227,0.061611374407582936,0.16350710900473933,0.7227488151658767
2011-10-01,gasoline,100.0,48.0,11.0,169.0,2011,10,pre_matosinhos_closure,-37.0,0.11,-0.37,0.48,1.69
2011-11-01,diesel,412.0,4.0,87.0,333.0,2011,11,pre_matosinhos_closure,83.0,0.2111650485436893,0.20145631067961164,0.009708737864077669,0.808252427184466
2011-11-01,gasoline,96.0,113.0,15.0,184.0,2011,11,pre_matosinhos_closure,-98.0,0.15625,-1.0208333333333333,1.1770833333333333,1.9166666666666667
2011-12-01,diesel,428.0,3.0,88.0,342.0,2011,12,pre_matosinhos_closure,85.0,0.205607476635514,0.1985981308411215,0.007009345794392523,0.7990654205607477
2011-12-01,gasoline,107.0,79.0,17.0,166.0,2011,12,pre_matosinhos_closure,-62.0,0.1588785046728972,-0.5794392523364486,0.7383177570093458,1.5514018691588785
2012-01-01,diesel,396.0,41.0,80.0,374.0,2012,1,pre_matosinhos_closure,39.0,0.20202020202020202,0.09848484848484848,0.10353535353535354,0.9444444444444444
2012-01-01,gasoline,95.0,175.0,11.0,222.0,2012,1,pre_matosinhos_closure,-164.0,0.11578947368421053,-1.7263157894736842,1.8421052631578947,2.336842105263158
2012-02-01,diesel,385.0,69.0,62.0,363.0,2012,2,pre_matosinhos_closure,-7.0,0.16103896103896104,-0.01818181818181818,0.17922077922077922,0.9428571428571428
2012-02-01,gasoline,88.0,104.0,11.0,175.0,2012,2,pre_matosinhos_closure,-93.0,0.125,-1.0568181818181819,1.1818181818181819,1.9886363636363635
2012-03-01,diesel,399.0,35.0,90.0,246.0,2012,3,pre_matosinhos_closure,55.0,0.22556390977443608,0.13784461152882205,0.08771929824561403,0.6165413533834586
2012-03-01,gasoline,95.0,75.0,9.0,136.0,2012,3,pre_matosinhos_closure,-66.0,0.09473684210526316,-0.6947368421052632,0.7894736842105263,1.431578947368421
2012-04-01,diesel,367.0,32.0,57.0,353.0,2012,4,pre_matosinhos_closure,25.0,0.1553133514986376,0.0681198910081744,0.08719346049046321,0.9618528610354223
2012-04-01,gasoline,88.0,73.0,8.0,172.0,2012,4,pre_matosinhos_closure,-65.0,0.09090909090909091,-0.7386363636363636,0.8295454545454546,1.9545454545454546
2012-05-01,diesel,408.0,34.0,52.0,307.0,2012,5,pre_matosinhos_closure,18.0,0.12745098039215685,0.04411764705882353,0.08333333333333333,0.7524509803921569
2012-05-01,gasoline,96.0,34.0,9.0,150.0,2012,5,pre_matosinhos_closure,-25.0,0.09375,-0.2604166666666667,0.3541666666666667,1.5625
2012-06-01,diesel,384.0,124.0,54.0,346.0,2012,6,pre_matosinhos_closure,-70.0,0.140625,-0.18229166666666666,0.3229166666666667,0.9010416666666666
2012-06-01,gasoline,95.0,77.0,13.0,135.0,2012,6,pre_matosinhos_closure,-64.0,0.1368421052631579,-0.6736842105263158,0.8105263157894737,1.4210526315789473
2012-07-01,diesel,411.0,0.0,38.0,360.0,2012,7,pre_matosinhos_closure,38.0,0.09245742092457421,0.09245742092457421,0.0,0.8759124087591241
2012-07-01,gasoline,103.0,90.0,9.0,180.0,2012,7,pre_matosinhos_closure,-81.0,0.08737864077669903,-0.7864077669902912,0.8737864077669902,1.7475728155339805
2012-08-01,diesel,406.0,4.0,60.0,387.0,2012,8,pre_matosinhos_closure,56.0,0.1477832512315271,0.13793103448275862,0.009852216748768473,0.9532019704433498
2012-08-01,gasoline,108.0,82.0,10.0,195.0,2012,8,pre_matosinhos_closure,-72.0,0.09259259259259259,-0.6666666666666666,0.7592592592592593,1.8055555555555556
2012-09-01,diesel,370.0,0.0,73.0,400.0,2012,9,pre_matosinhos_closure,73.0,0.1972972972972973,0.1972972972972973,0.0,1.0810810810810811
2012-09-01,gasoline,90.0,75.0,9.0,48.0,2012,9,pre_matosinhos_closure,-66.0,0.1,-0.7333333333333333,0.8333333333333334,0.5333333333333333
2012-10-01,diesel,395.0,0.0,185.0,225.0,2012,10,pre_matosinhos_closure,185.0,0.46835443037974683,0.46835443037974683,0.0,0.569620253164557
2012-10-01,gasoline,90.0,34.0,20.0,149.0,2012,10,pre_matosinhos_closure,-14.0,0.2222222222222222,-0.15555555555555556,0.37777777777777777,1.6555555555555554
2012-11-01,diesel,379.0,5.0,72.0,401.0,2012,11,pre_matosinhos_closure,67.0,0.18997361477572558,0.17678100263852242,0.013192612137203167,1.0580474934036939
2012-11-01,gasoline,86.0,13.0,39.0,95.0,2012,11,pre_matosinhos_closure,26.0,0.45348837209302323,0.3023255813953488,0.1511627906976744,1.1046511627906976
2012-12-01,diesel,378.0,5.0,69.0,297.0,2012,12,pre_matosinhos_closure,64.0,0.18253968253968253,0.1693121693121693,0.013227513227513227,0.7857142857142857
2012-12-01,gasoline,95.0,69.0,12.0,148.0,2012,12,pre_matosinhos_closure,-57.0,0.12631578947368421,-0.6,0.7263157894736842,1.5578947368421052
2013-01-01,diesel,338.0,51.0,51.0,409.0,2013,1,pre_matosinhos_closure,0.0,0.15088757396449703,0.0,0.15088757396449703,1.2100591715976332
2013-01-01,gasoline,86.0,90.0,6.0,157.0,2013,1,pre_matosinhos_closure,-84.0,0.06976744186046512,-0.9767441860465116,1.0465116279069768,1.8255813953488371
2013-02-01,diesel,339.0,72.0,33.0,366.0,2013,2,pre_matosinhos_closure,-39.0,0.09734513274336283,-0.11504424778761062,0.21238938053097345,1.079646017699115
2013-02-01,gasoline,78.0,112.0,8.0,196.0,2013,2,pre_matosinhos_closure,-104.0,0.10256410256410256,-1.3333333333333333,1.435897435897436,2.5128205128205128
2013-03-01,diesel,362.0,126.0,38.0,573.0,2013,3,pre_matosinhos_closure,-88.0,0.10497237569060773,-0.2430939226519337,0.34806629834254144,1.5828729281767955
2013-03-01,gasoline,87.0,132.0,6.0,196.0,2013,3,pre_matosinhos_closure,-126.0,0.06896551724137931,-1.4482758620689655,1.5172413793103448,2.2528735632183907
2013-04-01,diesel,393.0,169.0,73.0,529.0,2013,4,pre_matosinhos_closure,-96.0,0.18575063613231552,-0.24427480916030533,0.4300254452926209,1.3460559796437659
2013-04-01,gasoline,84.0,88.0,9.0,203.0,2013,4,pre_matosinhos_closure,-79.0,0.10714285714285714,-0.9404761904761905,1.0476190476190477,2.4166666666666665
2013-05-01,diesel,397.0,214.0,47.0,439.0,2013,5,pre_matosinhos_closure,-167.0,0.11838790931989925,-0.42065491183879095,0.5390428211586902,1.105793450881612
2013-05-01,gasoline,91.0,147.0,9.0,211.0,2013,5,pre_matosinhos_closure,-138.0,0.0989010989010989,-1.5164835164835164,1.6153846153846154,2.318681318681319
2013-06-01,diesel,345.0,144.0,54.0,491.0,2013,6,pre_matosinhos_closure,-90.0,0.1565217391304348,-0.2608695652173913,0.41739130434782606,1.4231884057971014
2013-06-01,gasoline,84.0,67.0,16.0,148.0,2013,6,pre_matosinhos_closure,-51.0,0.19047619047619047,-0.6071428571428571,0.7976190476190477,1.7619047619047619
2013-07-01,diesel,406.0,166.0,33.0,500.0,2013,7,pre_matosinhos_closure,-133.0,0.0812807881773399,-0.3275862068965517,0.4088669950738916,1.2315270935960592
2013-07-01,gasoline,99.0,92.0,5.0,190.0,2013,7,pre_matosinhos_closure,-87.0,0.050505050505050504,-0.8787878787878788,0.9292929292929293,1.9191919191919191
2013-08-01,diesel,416.0,199.0,63.0,500.0,2013,8,pre_matosinhos_closure,-136.0,0.15144230769230768,-0.3269230769230769,0.47836538461538464,1.2019230769230769
2013-08-01,gasoline,106.0,81.0,14.0,156.0,2013,8,pre_matosinhos_closure,-67.0,0.1320754716981132,-0.6320754716981132,0.7641509433962265,1.471698113207547
2013-09-01,diesel,365.0,100.0,28.0,476.0,2013,9,pre_matosinhos_closure,-72.0,0.07671232876712329,-0.19726027397260273,0.273972602739726,1.3041095890410959
2013-09-01,gasoline,88.0,39.0,6.0,142.0,2013,9,pre_matosinhos_closure,-33.0,0.06818181818181818,-0.375,0.4431818181818182,1.6136363636363635
2013-10-01,diesel,402.0,154.0,54.0,448.0,2013,10,pre_matosinhos_closure,-100.0,0.13432835820895522,-0.24875621890547264,0.38308457711442784,1.1144278606965174
2013-10-01,gasoline,90.0,128.0,9.0,200.0,2013,10,pre_matosinhos_closure,-119.0,0.1,-1.3222222222222222,1.4222222222222223,2.2222222222222223
2013-11-01,diesel,400.0,171.0,51.0,474.0,2013,11,pre_matosinhos_closure,-120.0,0.1275,-0.3,0.4275,1.185
2013-11-01,gasoline,89.0,135.0,7.0,171.0,2013,11,pre_matosinhos_closure,-128.0,0.07865168539325842,-1.4382022471910112,1.5168539325842696,1.9213483146067416
2013-12-01,diesel,372.0,126.0,56.0,482.0,2013,12,pre_matosinhos_closure,-70.0,0.15053763440860216,-0.1881720430107527,0.3387096774193548,1.2956989247311828
2013-12-01,gasoline,91.0,101.0,9.0,192.0,2013,12,pre_matosinhos_closure,-92.0,0.0989010989010989,-1.010989010989011,1.10989010989011,2.10989010989011
2014-01-01,diesel,359.0,148.0,50.0,424.0,2014,1,pre_matosinhos_closure,-98.0,0.1392757660167131,-0.27298050139275765,0.41225626740947074,1.181058495821727
2014-01-01,gasoline,84.0,48.0,8.0,151.0,2014,1,pre_matosinhos_closure,-40.0,0.09523809523809523,-0.47619047619047616,0.5714285714285714,1.7976190476190477
2014-02-01,diesel,336.0,0.0,81.0,433.0,2014,2,pre_matosinhos_closure,81.0,0.24107142857142858,0.24107142857142858,0.0,1.2886904761904763
2014-02-01,gasoline,79.0,85.0,4.0,160.0,2014,2,pre_matosinhos_closure,-81.0,0.05063291139240506,-1.0253164556962024,1.0759493670886076,2.0253164556962027
2014-03-01,diesel,378.0,6.0,93.0,299.0,2014,3,pre_matosinhos_closure,87.0,0.24603174603174602,0.23015873015873015,0.015873015873015872,0.791005291005291
2014-03-01,gasoline,88.0,1.0,8.0,32.0,2014,3,pre_matosinhos_closure,7.0,0.09090909090909091,0.07954545454545454,0.011363636363636364,0.36363636363636365
2014-04-01,diesel,375.0,0.0,101.0,194.0,2014,4,pre_matosinhos_closure,101.0,0.2693333333333333,0.2693333333333333,0.0,0.5173333333333333
2014-04-01,gasoline,88.0,0.0,31.0,3.0,2014,4,pre_matosinhos_closure,31.0,0.3522727272727273,0.3522727272727273,0.0,0.03409090909090909
2014-05-01,diesel,407.0,52.0,46.0,421.0,2014,5,pre_matosinhos_closure,-6.0,0.11302211302211303,-0.014742014742014743,0.12776412776412777,1.0343980343980343
2014-05-01,gasoline,93.0,65.0,48.0,164.0,2014,5,pre_matosinhos_closure,-17.0,0.5161290322580645,-0.1827956989247312,0.6989247311827957,1.7634408602150538
2014-06-01,diesel,383.0,254.0,23.0,471.0,2014,6,pre_matosinhos_closure,-231.0,0.06005221932114883,-0.6031331592689295,0.6631853785900783,1.2297650130548303
2014-06-01,gasoline,89.0,38.0,5.0,138.0,2014,6,pre_matosinhos_closure,-33.0,0.056179775280898875,-0.3707865168539326,0.42696629213483145,1.550561797752809
2014-07-01,diesel,441.0,91.0,53.0,481.0,2014,7,pre_matosinhos_closure,-38.0,0.12018140589569161,-0.08616780045351474,0.20634920634920634,1.090702947845805
2014-07-01,gasoline,97.0,105.0,9.0,172.0,2014,7,pre_matosinhos_closure,-96.0,0.09278350515463918,-0.9896907216494846,1.0824742268041236,1.7731958762886597
2014-08-01,diesel,412.0,152.0,65.0,459.0,2014,8,pre_matosinhos_closure,-87.0,0.15776699029126215,-0.2111650485436893,0.36893203883495146,1.1140776699029127
2014-08-01,gasoline,106.0,109.0,10.0,208.0,2014,8,pre_matosinhos_closure,-99.0,0.09433962264150944,-0.9339622641509434,1.028301886792453,1.9622641509433962
2014-09-01,diesel,391.0,80.0,65.0,373.0,2014,9,pre_matosinhos_closure,-15.0,0.16624040920716113,-0.03836317135549872,0.20460358056265984,0.9539641943734015
2014-09-01,gasoline,89.0,105.0,6.0,163.0,2014,9,pre_matosinhos_closure,-99.0,0.06741573033707865,-1.1123595505617978,1.1797752808988764,1.8314606741573034
2014-10-01,diesel,413.0,100.0,37.0,476.0,2014,10,pre_matosinhos_closure,-63.0,0.08958837772397095,-0.15254237288135594,0.24213075060532688,1.152542372881356
2014-10-01,gasoline,90.0,110.0,8.0,260.0,2014,10,pre_matosinhos_closure,-102.0,0.08888888888888889,-1.1333333333333333,1.2222222222222223,2.888888888888889
2014-11-01,diesel,365.0,155.0,24.0,550.0,2014,11,pre_matosinhos_closure,-131.0,0.06575342465753424,-0.3589041095890411,0.4246575342465753,1.5068493150684932
2014-11-01,gasoline,81.0,154.0,6.0,185.0,2014,11,pre_matosinhos_closure,-148.0,0.07407407407407407,-1.8271604938271604,1.9012345679012346,2.2839506172839505
2014-12-01,diesel,437.0,257.0,59.0,536.0,2014,12,pre_matosinhos_closure,-198.0,0.13501144164759726,-0.45308924485125857,0.5881006864988558,1.2265446224256293
2014-12-01,gasoline,101.0,156.0,9.0,211.0,2014,12,pre_matosinhos_closure,-147.0,0.0891089108910891,-1.4554455445544554,1.5445544554455446,2.089108910891089
2015-01-01,diesel,377.0,194.0,55.0,483.0,2015,1,pre_matosinhos_closure,-139.0,0.14588859416445624,-0.3687002652519894,0.5145888594164456,1.2811671087533156
2015-01-01,gasoline,83.0,123.0,8.0,197.0,2015,1,pre_matosinhos_closure,-115.0,0.0963855421686747,-1.3855421686746987,1.4819277108433735,2.3734939759036147
2015-02-01,diesel,361.0,139.0,51.0,404.0,2015,2,pre_matosinhos_closure,-88.0,0.14127423822714683,-0.24376731301939059,0.3850415512465374,1.1191135734072022
2015-02-01,gasoline,76.0,102.0,6.0,158.0,2015,2,pre_matosinhos_closure,-96.0,0.07894736842105263,-1.263157894736842,1.3421052631578947,2.0789473684210527
2015-03-01,diesel,394.0,181.0,63.0,534.0,2015,3,pre_matosinhos_closure,-118.0,0.1598984771573604,-0.29949238578680204,0.4593908629441624,1.3553299492385786
2015-03-01,gasoline,86.0,99.0,7.0,199.0,2015,3,pre_matosinhos_closure,-92.0,0.08139534883720931,-1.069767441860465,1.1511627906976745,2.313953488372093
2015-04-01,diesel,402.0,210.0,40.0,545.0,2015,4,pre_matosinhos_closure,-170.0,0.09950248756218906,-0.4228855721393035,0.5223880597014925,1.355721393034826
2015-04-01,gasoline,89.0,199.0,16.0,223.0,2015,4,pre_matosinhos_closure,-183.0,0.1797752808988764,-2.056179775280899,2.235955056179775,2.50561797752809
2015-05-01,diesel,416.0,156.0,71.0,528.0,2015,5,pre_matosinhos_closure,-85.0,0.17067307692307693,-0.20432692307692307,0.375,1.2692307692307692
2015-05-01,gasoline,92.0,120.0,12.0,195.0,2015,5,pre_matosinhos_closure,-108.0,0.13043478260869565,-1.173913043478261,1.3043478260869565,2.119565217391304
2015-06-01,diesel,407.0,257.0,56.0,538.0,2015,6,pre_matosinhos_closure,-201.0,0.1375921375921376,-0.49385749385749383,0.6314496314496314,1.3218673218673218
2015-06-01,gasoline,89.0,180.0,7.0,209.0,2015,6,pre_matosinhos_closure,-173.0,0.07865168539325842,-1.9438202247191012,2.0224719101123596,2.348314606741573
2015-07-01,diesel,434.0,178.0,86.0,492.0,2015,7,pre_matosinhos_closure,-92.0,0.19815668202764977,-0.2119815668202765,0.41013824884792627,1.1336405529953917
2015-07-01,gasoline,101.0,171.0,7.0,303.0,2015,7,pre_matosinhos_closure,-164.0,0.06930693069306931,-1.6237623762376239,1.693069306930693,3.0
2015-08-01,diesel,436.0,185.0,69.0,554.0,2015,8,pre_matosinhos_closure,-116.0,0.15825688073394495,-0.26605504587155965,0.4243119266055046,1.2706422018348624
2015-08-01,gasoline,103.0,161.0,15.0,203.0,2015,8,pre_matosinhos_closure,-146.0,0.14563106796116504,-1.4174757281553398,1.5631067961165048,1.970873786407767
2015-09-01,diesel,446.0,176.0,81.0,576.0,2015,9,pre_matosinhos_closure,-95.0,0.18161434977578475,-0.21300448430493274,0.39461883408071746,1.2914798206278026
2015-09-01,gasoline,91.0,170.0,22.0,260.0,2015,9,pre_matosinhos_closure,-148.0,0.24175824175824176,-1.6263736263736264,1.8681318681318682,2.857142857142857
2015-10-01,diesel,458.0,192.0,87.0,529.0,2015,10,pre_matosinhos_closure,-105.0,0.18995633187772926,-0.2292576419213974,0.4192139737991266,1.1550218340611353
2015-10-01,gasoline,91.0,179.0,21.0,237.0,2015,10,pre_matosinhos_closure,-158.0,0.23076923076923078,-1.7362637362637363,1.967032967032967,2.6043956043956045
2015-11-01,diesel,401.0,244.0,55.0,522.0,2015,11,pre_matosinhos_closure,-189.0,0.1371571072319202,-0.4713216957605985,0.6084788029925187,1.3017456359102244
2015-11-01,gasoline,83.0,115.0,5.0,207.0,2015,11,pre_matosinhos_closure,-110.0,0.060240963855421686,-1.3253012048192772,1.3855421686746987,2.4939759036144578
2015-12-01,diesel,409.0,174.0,69.0,574.0,2015,12,pre_matosinhos_closure,-105.0,0.1687041564792176,-0.2567237163814181,0.4254278728606357,1.4034229828850855
2015-12-01,gasoline,93.0,139.0,12.0,241.0,2015,12,pre_matosinhos_closure,-127.0,0.12903225806451613,-1.3655913978494623,1.4946236559139785,2.5913978494623655
2016-01-01,diesel,377.0,102.0,104.0,479.0,2016,1,pre_matosinhos_closure,2.0,0.27586206896551724,0.005305039787798408,0.27055702917771884,1.2705570291777188
2016-01-01,gasoline,85.0,107.0,14.0,188.0,2016,1,pre_matosinhos_closure,-93.0,0.16470588235294117,-1.0941176470588236,1.2588235294117647,2.211764705882353
2016-02-01,diesel,353.0,195.0,62.0,415.0,2016,2,pre_matosinhos_closure,-133.0,0.17563739376770537,-0.37677053824362605,0.5524079320113314,1.1756373937677054
2016-02-01,gasoline,78.0,105.0,2.0,170.0,2016,2,pre_matosinhos_closure,-103.0,0.02564102564102564,-1.3205128205128205,1.3461538461538463,2.1794871794871793
2016-03-01,diesel,406.0,124.0,105.0,446.0,2016,3,pre_matosinhos_closure,-19.0,0.25862068965517243,-0.046798029556650245,0.3054187192118227,1.0985221674876848
2016-03-01,gasoline,91.0,103.0,6.0,201.0,2016,3,pre_matosinhos_closure,-97.0,0.06593406593406594,-1.065934065934066,1.1318681318681318,2.208791208791209
2016-04-01,diesel,416.0,191.0,70.0,474.0,2016,4,pre_matosinhos_closure,-121.0,0.16826923076923078,-0.29086538461538464,0.45913461538461536,1.1394230769230769
2016-04-01,gasoline,87.0,102.0,38.0,220.0,2016,4,pre_matosinhos_closure,-64.0,0.4367816091954023,-0.735632183908046,1.1724137931034482,2.528735632183908
2016-05-01,diesel,414.0,115.0,52.0,453.0,2016,5,pre_matosinhos_closure,-63.0,0.12560386473429952,-0.15217391304347827,0.2777777777777778,1.0942028985507246
2016-05-01,gasoline,87.0,201.0,17.0,233.0,2016,5,pre_matosinhos_closure,-184.0,0.19540229885057472,-2.1149425287356323,2.310344827586207,2.67816091954023
2016-06-01,diesel,407.0,212.0,66.0,485.0,2016,6,pre_matosinhos_closure,-146.0,0.16216216216216217,-0.35872235872235875,0.5208845208845209,1.1916461916461916
2016-06-01,gasoline,88.0,138.0,5.0,249.0,2016,6,pre_matosinhos_closure,-133.0,0.056818181818181816,-1.5113636363636365,1.5681818181818181,2.8295454545454546
2016-07-01,diesel,418.0,178.0,73.0,503.0,2016,7,pre_matosinhos_closure,-105.0,0.17464114832535885,-0.2511961722488038,0.4258373205741627,1.2033492822966507
2016-07-01,gasoline,97.0,142.0,7.0,185.0,2016,7,pre_matosinhos_closure,-135.0,0.07216494845360824,-1.3917525773195876,1.4639175257731958,1.907216494845361
2016-08-01,diesel,446.0,148.0,76.0,507.0,2016,8,pre_matosinhos_closure,-72.0,0.17040358744394618,-0.16143497757847533,0.33183856502242154,1.1367713004484306
2016-08-01,gasoline,106.0,108.0,6.0,216.0,2016,8,pre_matosinhos_closure,-102.0,0.05660377358490566,-0.9622641509433962,1.0188679245283019,2.0377358490566038
2016-09-01,diesel,414.0,121.0,108.0,519.0,2016,9,pre_matosinhos_closure,-13.0,0.2608695652173913,-0.03140096618357488,0.2922705314009662,1.2536231884057971
2016-09-01,gasoline,90.0,135.0,4.0,230.0,2016,9,pre_matosinhos_closure,-131.0,0.044444444444444446,-1.4555555555555555,1.5,2.5555555555555554
2016-10-01,diesel,400.0,237.0,99.0,519.0,2016,10,pre_matosinhos_closure,-138.0,0.2475,-0.345,0.5925,1.2975
2016-10-01,gasoline,85.0,103.0,23.0,195.0,2016,10,pre_matosinhos_closure,-80.0,0.27058823529411763,-0.9411764705882353,1.2117647058823529,2.2941176470588234
2016-11-01,diesel,403.0,224.0,38.0,523.0,2016,11,pre_matosinhos_closure,-186.0,0.09429280397022333,-0.46153846153846156,0.5558312655086849,1.2977667493796525
2016-11-01,gasoline,83.0,78.0,5.0,133.0,2016,11,pre_matosinhos_closure,-73.0,0.060240963855421686,-0.8795180722891566,0.9397590361445783,1.6024096385542168
2016-12-01,diesel,380.0,229.0,89.0,578.0,2016,12,pre_matosinhos_closure,-140.0,0.23421052631578948,-0.3684210526315789,0.6026315789473684,1.5210526315789474
2016-12-01,gasoline,79.0,68.0,9.0,190.0,2016,12,pre_matosinhos_closure,-59.0,0.11392405063291139,-0.7468354430379747,0.8607594936708861,2.4050632911392404
2017-01-01,diesel,380.0,246.0,78.0,543.0,2017,1,pre_matosinhos_closure,-168.0,0.20526315789473684,-0.4421052631578947,0.6473684210526316,1.4289473684210525
2017-01-01,gasoline,78.0,138.0,5.0,181.0,2017,1,pre_matosinhos_closure,-133.0,0.0641025641025641,-1.705128205128205,1.7692307692307692,2.3205128205128207
2017-02-01,diesel,363.0,275.0,79.0,474.0,2017,2,pre_matosinhos_closure,-196.0,0.21763085399449036,-0.5399449035812672,0.7575757575757576,1.3057851239669422
2017-02-01,gasoline,76.0,138.0,15.0,228.0,2017,2,pre_matosinhos_closure,-123.0,0.19736842105263158,-1.618421052631579,1.8157894736842106,3.0
2017-03-01,diesel,410.0,153.0,126.0,440.0,2017,3,pre_matosinhos_closure,-27.0,0.3073170731707317,-0.06585365853658537,0.37317073170731707,1.0731707317073171
2017-03-01,gasoline,85.0,181.0,8.0,214.0,2017,3,pre_matosinhos_closure,-173.0,0.09411764705882353,-2.0352941176470587,2.1294117647058823,2.5176470588235293
2017-04-01,diesel,395.0,164.0,76.0,530.0,2017,4,pre_matosinhos_closure,-88.0,0.19240506329113924,-0.22278481012658227,0.4151898734177215,1.3417721518987342
2017-04-01,gasoline,82.0,147.0,19.0,218.0,2017,4,pre_matosinhos_closure,-128.0,0.23170731707317074,-1.5609756097560976,1.7926829268292683,2.658536585365854
2017-05-01,diesel,445.0,193.0,54.0,525.0,2017,5,pre_matosinhos_closure,-139.0,0.12134831460674157,-0.31235955056179776,0.4337078651685393,1.1797752808988764
2017-05-01,gasoline,89.0,160.0,9.0,218.0,2017,5,pre_matosinhos_closure,-151.0,0.10112359550561797,-1.696629213483146,1.797752808988764,2.449438202247191
2017-06-01,diesel,422.0,198.0,49.0,522.0,2017,6,pre_matosinhos_closure,-149.0,0.11611374407582939,-0.35308056872037913,0.46919431279620855,1.2369668246445498
2017-06-01,gasoline,89.0,149.0,17.0,226.0,2017,6,pre_matosinhos_closure,-132.0,0.19101123595505617,-1.4831460674157304,1.6741573033707866,2.539325842696629
2017-07-01,diesel,437.0,99.0,91.0,498.0,2017,7,pre_matosinhos_closure,-8.0,0.20823798627002288,-0.018306636155606407,0.22654462242562928,1.139588100686499
2017-07-01,gasoline,95.0,136.0,17.0,239.0,2017,7,pre_matosinhos_closure,-119.0,0.17894736842105263,-1.2526315789473683,1.431578947368421,2.5157894736842104
2017-08-01,diesel,449.0,121.0,71.0,497.0,2017,8,pre_matosinhos_closure,-50.0,0.15812917594654788,-0.111358574610245,0.26948775055679286,1.1069042316258353
2017-08-01,gasoline,102.0,184.0,8.0,240.0,2017,8,pre_matosinhos_closure,-176.0,0.0784313725490196,-1.7254901960784315,1.803921568627451,2.3529411764705883
2017-09-01,diesel,415.0,218.0,58.0,517.0,2017,9,pre_matosinhos_closure,-160.0,0.13975903614457832,-0.3855421686746988,0.5253012048192771,1.2457831325301205
2017-09-01,gasoline,88.0,156.0,4.0,244.0,2017,9,pre_matosinhos_closure,-152.0,0.045454545454545456,-1.7272727272727273,1.7727272727272727,2.772727272727273
2017-10-01,diesel,413.0,138.0,52.0,463.0,2017,10,pre_matosinhos_closure,-86.0,0.12590799031476999,-0.20823244552058112,0.3341404358353511,1.1210653753026634
2017-10-01,gasoline,85.0,158.0,5.0,230.0,2017,10,pre_matosinhos_closure,-153.0,0.058823529411764705,-1.8,1.8588235294117648,2.7058823529411766
2017-11-01,diesel,407.0,75.0,72.0,469.0,2017,11,pre_matosinhos_closure,-3.0,0.1769041769041769,-0.007371007371007371,0.18427518427518427,1.1523341523341524
2017-11-01,gasoline,78.0,124.0,4.0,228.0,2017,11,pre_matosinhos_closure,-120.0,0.05128205128205128,-1.5384615384615385,1.5897435897435896,2.923076923076923
2017-12-01,diesel,438.0,202.0,91.0,506.0,2017,12,pre_matosinhos_closure,-111.0,0.20776255707762556,-0.2534246575342466,0.4611872146118721,1.1552511415525115
2017-12-01,gasoline,87.0,200.0,12.0,258.0,2017,12,pre_matosinhos_closure,-188.0,0.13793103448275862,-2.160919540229885,2.2988505747126435,2.9655172413793105
2018-01-01,diesel,387.0,152.0,97.0,463.0,2018,1,pre_matosinhos_closure,-55.0,0.25064599483204136,-0.1421188630490956,0.39276485788113696,1.1963824289405685
2018-01-01,gasoline,77.0,144.0,9.0,227.0,2018,1,pre_matosinhos_closure,-135.0,0.11688311688311688,-1.7532467532467533,1.87012987012987,2.948051948051948
2018-02-01,diesel,392.0,173.0,73.0,395.0,2018,2,pre_matosinhos_closure,-100.0,0.18622448979591838,-0.25510204081632654,0.4413265306122449,1.0076530612244898
2018-02-01,gasoline,67.0,148.0,10.0,209.0,2018,2,pre_matosinhos_closure,-138.0,0.14925373134328357,-2.0597014925373136,2.208955223880597,3.1194029850746268
2018-03-01,diesel,420.0,70.0,73.0,390.0,2018,3,pre_matosinhos_closure,3.0,0.1738095238095238,0.007142857142857143,0.16666666666666666,0.9285714285714286
2018-03-01,gasoline,83.0,186.0,7.0,234.0,2018,3,pre_matosinhos_closure,-179.0,0.08433734939759036,-2.1566265060240966,2.2409638554216866,2.819277108433735
2018-04-01,diesel,411.0,107.0,52.0,480.0,2018,4,pre_matosinhos_closure,-55.0,0.12652068126520682,-0.13381995133819952,0.26034063260340634,1.167883211678832
2018-04-01,gasoline,81.0,174.0,15.0,250.0,2018,4,pre_matosinhos_closure,-159.0,0.18518518518518517,-1.962962962962963,2.1481481481481484,3.0864197530864197
2018-05-01,diesel,450.0,233.0,56.0,514.0,2018,5,pre_matosinhos_closure,-177.0,0.12444444444444444,-0.3933333333333333,0.5177777777777778,1.1422222222222222
2018-05-01,gasoline,89.0,156.0,4.0,253.0,2018,5,pre_matosinhos_closure,-152.0,0.0449438202247191,-1.7078651685393258,1.752808988764045,2.842696629213483
2018-06-01,diesel,422.0,95.0,49.0,468.0,2018,6,pre_matosinhos_closure,-46.0,0.11611374407582939,-0.10900473933649289,0.22511848341232227,1.1090047393364928
2018-06-01,gasoline,85.0,179.0,27.0,236.0,2018,6,pre_matosinhos_closure,-152.0,0.3176470588235294,-1.7882352941176471,2.1058823529411765,2.776470588235294
2018-07-01,diesel,451.0,68.0,40.0,510.0,2018,7,pre_matosinhos_closure,-28.0,0.08869179600886919,-0.06208425720620843,0.15077605321507762,1.130820399113082
2018-07-01,gasoline,94.0,150.0,5.0,249.0,2018,7,pre_matosinhos_closure,-145.0,0.05319148936170213,-1.5425531914893618,1.5957446808510638,2.648936170212766
2018-08-01,diesel,451.0,66.0,41.0,478.0,2018,8,pre_matosinhos_closure,-25.0,0.09090909090909091,-0.05543237250554324,0.14634146341463414,1.0598669623059866
2018-08-01,gasoline,101.0,172.0,34.0,213.0,2018,8,pre_matosinhos_closure,-138.0,0.33663366336633666,-1.3663366336633664,1.702970297029703,2.108910891089109
2018-09-01,diesel,420.0,17.0,44.0,459.0,2018,9,pre_matosinhos_closure,27.0,0.10476190476190476,0.06428571428571428,0.04047619047619048,1.0928571428571427
2018-09-01,gasoline,85.0,121.0,5.0,242.0,2018,9,pre_matosinhos_closure,-116.0,0.058823529411764705,-1.3647058823529412,1.423529411764706,2.847058823529412
2018-10-01,diesel,441.0,4.0,51.0,283.0,2018,10,pre_matosinhos_closure,47.0,0.11564625850340136,0.10657596371882086,0.009070294784580499,0.6417233560090703
2018-10-01,gasoline,86.0,39.0,10.0,141.0,2018,10,pre_matosinhos_closure,-29.0,0.11627906976744186,-0.3372093023255814,0.45348837209302323,1.6395348837209303
2018-11-01,diesel,412.0,4.0,154.0,246.0,2018,11,pre_matosinhos_closure,150.0,0.3737864077669903,0.3640776699029126,0.009708737864077669,0.5970873786407767
2018-11-01,gasoline,78.0,25.0,10.0,65.0,2018,11,pre_matosinhos_closure,-15.0,0.1282051282051282,-0.19230769230769232,0.32051282051282054,0.8333333333333334
2018-12-01,diesel,432.0,151.0,97.0,542.0,2018,12,pre_matosinhos_closure,-54.0,0.22453703703703703,-0.125,0.34953703703703703,1.2546296296296295
2018-12-01,gasoline,88.0,186.0,12.0,230.0,2018,12,pre_matosinhos_closure,-174.0,0.13636363636363635,-1.9772727272727273,2.1136363636363638,2.6136363636363638
2019-01-01,diesel,404.0,102.0,86.0,361.0,2019,1,pre_matosinhos_closure,-16.0,0.21287128712871287,-0.039603960396039604,0.2524752475247525,0.8935643564356436
2019-01-01,gasoline,78.0,107.0,11.0,201.0,2019,1,pre_matosinhos_closure,-96.0,0.14102564102564102,-1.2307692307692308,1.3717948717948718,2.576923076923077
2019-02-01,diesel,361.0,37.0,119.0,321.0,2019,2,pre_matosinhos_closure,82.0,0.3296398891966759,0.22714681440443213,0.10249307479224377,0.889196675900277
2019-02-01,gasoline,71.0,140.0,26.0,200.0,2019,2,pre_matosinhos_closure,-114.0,0.36619718309859156,-1.6056338028169015,1.971830985915493,2.816901408450704
2019-03-01,diesel,418.0,67.0,79.0,395.0,2019,3,pre_matosinhos_closure,12.0,0.18899521531100477,0.028708133971291867,0.16028708133971292,0.9449760765550239
2019-03-01,gasoline,85.0,89.0,10.0,193.0,2019,3,pre_matosinhos_closure,-79.0,0.11764705882352941,-0.9294117647058824,1.0470588235294118,2.2705882352941176
2019-04-01,diesel,423.0,77.0,66.0,406.0,2019,4,pre_matosinhos_closure,-11.0,0.15602836879432624,-0.026004728132387706,0.18203309692671396,0.9598108747044918
2019-04-01,gasoline,85.0,183.0,21.0,189.0,2019,4,pre_matosinhos_closure,-162.0,0.24705882352941178,-1.9058823529411764,2.152941176470588,2.223529411764706
2019-05-01,diesel,444.0,214.0,91.0,457.0,2019,5,pre_matosinhos_closure,-123.0,0.20495495495495494,-0.27702702702702703,0.481981981981982,1.0292792792792793
2019-05-01,gasoline,87.0,185.0,26.0,227.0,2019,5,pre_matosinhos_closure,-159.0,0.2988505747126437,-1.8275862068965518,2.1264367816091956,2.6091954022988504
2019-06-01,diesel,414.0,35.0,106.0,454.0,2019,6,pre_matosinhos_closure,71.0,0.2560386473429952,0.17149758454106281,0.08454106280193237,1.0966183574879227
2019-06-01,gasoline,87.0,134.0,23.0,226.0,2019,6,pre_matosinhos_closure,-111.0,0.26436781609195403,-1.2758620689655173,1.5402298850574712,2.5977011494252875
2019-07-01,diesel,465.0,64.0,58.0,467.0,2019,7,pre_matosinhos_closure,-6.0,0.12473118279569892,-0.012903225806451613,0.13763440860215054,1.0043010752688173
2019-07-01,gasoline,100.0,159.0,19.0,229.0,2019,7,pre_matosinhos_closure,-140.0,0.19,-1.4,1.59,2.29
2019-08-01,diesel,449.0,14.0,50.0,294.0,2019,8,pre_matosinhos_closure,36.0,0.111358574610245,0.0801781737193764,0.031180400890868598,0.6547884187082406
2019-08-01,gasoline,105.0,94.0,23.0,161.0,2019,8,pre_matosinhos_closure,-71.0,0.21904761904761905,-0.6761904761904762,0.8952380952380953,1.5333333333333334
2019-09-01,diesel,392.0,0.0,134.0,206.0,2019,9,pre_matosinhos_closure,134.0,0.34183673469387754,0.34183673469387754,0.0,0.5255102040816326
2019-09-01,gasoline,85.0,60.0,23.0,119.0,2019,9,pre_matosinhos_closure,-37.0,0.27058823529411763,-0.43529411764705883,0.7058823529411765,1.4
2019-10-01,diesel,439.0,22.0,157.0,393.0,2019,10,pre_matosinhos_closure,135.0,0.357630979498861,0.30751708428246016,0.05011389521640091,0.8952164009111617
2019-10-01,gasoline,86.0,68.0,10.0,187.0,2019,10,pre_matosinhos_closure,-58.0,0.11627906976744186,-0.6744186046511628,0.7906976744186046,2.1744186046511627
2019-11-01,diesel,429.0,148.0,76.0,487.0,2019,11,pre_matosinhos_closure,-72.0,0.17715617715617715,-0.16783216783216784,0.34498834498834496,1.1351981351981353
2019-11-01,gasoline,82.0,152.0,18.0,245.0,2019,11,pre_matosinhos_closure,-134.0,0.21951219512195122,-1.6341463414634145,1.853658536585366,2.9878048780487805
2019-12-01,diesel,437.0,119.0,53.0,536.0,2019,12,pre_matosinhos_closure,-66.0,0.12128146453089245,-0.15102974828375287,0.2723112128146453,1.2265446224256293
2019-12-01,gasoline,91.0,201.0,22.0,244.0,2019,12,pre_matosinhos_closure,-179.0,0.24175824175824176,-1.967032967032967,2.208791208791209,2.681318681318681
2020-01-01,diesel,404.0,162.0,64.0,428.0,2020,1,pre_matosinhos_closure,-98.0,0.15841584158415842,-0.24257425742574257,0.400990099009901,1.0594059405940595
2020-01-01,gasoline,83.0,192.0,22.0,222.0,2020,1,pre_matosinhos_closure,-170.0,0.26506024096385544,-2.0481927710843375,2.3132530120481927,2.674698795180723
2020-02-01,diesel,398.0,23.0,73.0,326.0,2020,2,pre_matosinhos_closure,50.0,0.18341708542713567,0.12562814070351758,0.05778894472361809,0.8190954773869347
2020-02-01,gasoline,79.0,109.0,13.0,180.0,2020,2,pre_matosinhos_closure,-96.0,0.16455696202531644,-1.2151898734177216,1.379746835443038,2.278481012658228
2020-03-01,diesel,349.0,64.0,54.0,472.0,2020,3,pre_matosinhos_closure,-10.0,0.15472779369627507,-0.02865329512893983,0.1833810888252149,1.3524355300859598
2020-03-01,gasoline,65.0,122.0,9.0,196.0,2020,3,pre_matosinhos_closure,-113.0,0.13846153846153847,-1.7384615384615385,1.876923076923077,3.0153846153846153
2020-04-01,diesel,240.0,145.0,72.0,413.0,2020,4,pre_matosinhos_closure,-73.0,0.3,-0.30416666666666664,0.6041666666666666,1.7208333333333334
2020-04-01,gasoline,36.0,102.0,5.0,129.0,2020,4,pre_matosinhos_closure,-97.0,0.1388888888888889,-2.6944444444444446,2.8333333333333335,3.5833333333333335
2020-05-01,diesel,341.0,4.0,89.0,52.0,2020,5,pre_matosinhos_closure,85.0,0.26099706744868034,0.24926686217008798,0.011730205278592375,0.15249266862170088
2020-05-01,gasoline,62.0,2.0,15.0,15.0,2020,5,pre_matosinhos_closure,13.0,0.24193548387096775,0.20967741935483872,0.03225806451612903,0.24193548387096775
2020-06-01,diesel,355.0,107.0,113.0,283.0,2020,6,pre_matosinhos_closure,6.0,0.3183098591549296,0.016901408450704224,0.30140845070422534,0.7971830985915493
2020-06-01,gasoline,73.0,74.0,18.0,84.0,2020,6,pre_matosinhos_closure,-56.0,0.2465753424657534,-0.7671232876712328,1.0136986301369864,1.1506849315068493
2020-07-01,diesel,411.0,103.0,72.0,436.0,2020,7,pre_matosinhos_closure,-31.0,0.17518248175182483,-0.07542579075425791,0.25060827250608275,1.0608272506082725
2020-07-01,gasoline,88.0,81.0,24.0,190.0,2020,7,pre_matosinhos_closure,-57.0,0.2727272727272727,-0.6477272727272727,0.9204545454545454,2.159090909090909
2020-08-01,diesel,403.0,155.0,94.0,498.0,2020,8,pre_matosinhos_closure,-61.0,0.23325062034739455,-0.1513647642679901,0.38461538461538464,1.2357320099255582
2020-08-01,gasoline,96.0,120.0,29.0,199.0,2020,8,pre_matosinhos_closure,-91.0,0.3020833333333333,-0.9479166666666666,1.25,2.0729166666666665
2020-09-01,diesel,393.0,156.0,44.0,436.0,2020,9,pre_matosinhos_closure,-112.0,0.11195928753180662,-0.28498727735368956,0.3969465648854962,1.10941475826972
2020-09-01,gasoline,82.0,127.0,9.0,174.0,2020,9,pre_matosinhos_closure,-118.0,0.10975609756097561,-1.4390243902439024,1.548780487804878,2.1219512195121952
2020-10-01,diesel,391.0,112.0,64.0,433.0,2020,10,pre_matosinhos_closure,-48.0,0.1636828644501279,-0.12276214833759591,0.2864450127877238,1.1074168797953965
2020-10-01,gasoline,79.0,104.0,17.0,196.0,2020,10,pre_matosinhos_closure,-87.0,0.21518987341772153,-1.1012658227848102,1.3164556962025316,2.481012658227848
2020-11-01,diesel,362.0,67.0,94.0,424.0,2020,11,pre_matosinhos_closure,27.0,0.2596685082872928,0.07458563535911603,0.1850828729281768,1.171270718232044
2020-11-01,gasoline,69.0,131.0,22.0,191.0,2020,11,pre_matosinhos_closure,-109.0,0.3188405797101449,-1.5797101449275361,1.8985507246376812,2.7681159420289854
2020-12-01,diesel,356.0,206.0,42.0,405.0,2020,12,pre_matosinhos_closure,-164.0,0.11797752808988764,-0.4606741573033708,0.5786516853932584,1.1376404494382022
2020-12-01,gasoline,73.0,114.0,9.0,180.0,2020,12,pre_matosinhos_closure,-105.0,0.1232876712328767,-1.4383561643835616,1.5616438356164384,2.4657534246575343
2021-01-01,diesel,315.0,202.0,85.0,492.0,2021,1,pre_matosinhos_closure,-117.0,0.2698412698412698,-0.37142857142857144,0.6412698412698413,1.561904761904762
2021-01-01,gasoline,56.0,151.0,14.0,190.0,2021,1,pre_matosinhos_closure,-137.0,0.25,-2.4464285714285716,2.6964285714285716,3.392857142857143
2021-02-01,diesel,290.0,277.0,84.0,417.0,2021,2,pre_matosinhos_closure,-193.0,0.2896551724137931,-0.6655172413793103,0.9551724137931035,1.4379310344827587
2021-02-01,gasoline,48.0,80.0,29.0,110.0,2021,2,pre_matosinhos_closure,-51.0,0.6041666666666666,-1.0625,1.6666666666666667,2.2916666666666665
2021-03-01,diesel,354.0,203.0,69.0,382.0,2021,3,pre_matosinhos_closure,-134.0,0.19491525423728814,-0.3785310734463277,0.5734463276836158,1.07909604519774
2021-03-01,gasoline,62.0,127.0,6.0,162.0,2021,3,pre_matosinhos_closure,-121.0,0.0967741935483871,-1.9516129032258065,2.0483870967741935,2.6129032258064515
2021-04-01,diesel,391.0,120.0,84.0,384.0,2021,4,pre_matosinhos_closure,-36.0,0.21483375959079284,-0.09207161125319693,0.3069053708439898,0.9820971867007673
2021-04-01,gasoline,72.0,127.0,14.0,180.0,2021,4,pre_matosinhos_closure,-113.0,0.19444444444444445,-1.5694444444444444,1.7638888888888888,2.5
2021-05-01,diesel,407.0,93.0,86.0,399.0,2021,5,matosinhos_transition,-7.0,0.2113022113022113,-0.0171990171990172,0.2285012285012285,0.9803439803439803
2021-05-01,gasoline,84.0,155.0,39.0,216.0,2021,5,matosinhos_transition,-116.0,0.4642857142857143,-1.380952380952381,1.8452380952380953,2.5714285714285716
2021-06-01,diesel,397.0,139.0,119.0,340.0,2021,6,matosinhos_transition,-20.0,0.29974811083123426,-0.05037783375314862,0.3501259445843829,0.8564231738035264
2021-06-01,gasoline,87.0,136.0,23.0,127.0,2021,6,matosinhos_transition,-113.0,0.26436781609195403,-1.2988505747126438,1.5632183908045978,1.4597701149425288
2021-07-01,diesel,414.0,87.0,72.0,381.0,2021,7,matosinhos_transition,-15.0,0.17391304347826086,-0.036231884057971016,0.21014492753623187,0.9202898550724637
2021-07-01,gasoline,92.0,142.0,16.0,234.0,2021,7,matosinhos_transition,-126.0,0.17391304347826086,-1.3695652173913044,1.5434782608695652,2.5434782608695654
2021-08-01,diesel,409.0,88.0,121.0,359.0,2021,8,matosinhos_transition,33.0,0.29584352078239606,0.08068459657701711,0.21515892420537897,0.8777506112469438
2021-08-01,gasoline,101.0,181.0,23.0,248.0,2021,8,matosinhos_transition,-158.0,0.22772277227722773,-1.5643564356435644,1.7920792079207921,2.4554455445544554
2021-09-01,diesel,405.0,69.0,107.0,350.0,2021,9,matosinhos_transition,38.0,0.2641975308641975,0.09382716049382717,0.17037037037037037,0.8641975308641975
2021-09-01,gasoline,87.0,131.0,11.0,200.0,2021,9,matosinhos_transition,-120.0,0.12643678160919541,-1.3793103448275863,1.5057471264367817,2.2988505747126435
2021-10-01,diesel,420.0,85.0,186.0,145.0,2021,10,matosinhos_transition,101.0,0.44285714285714284,0.24047619047619048,0.20238095238095238,0.34523809523809523
2021-10-01,gasoline,89.0,104.0,19.0,160.0,2021,10,matosinhos_transition,-85.0,0.21348314606741572,-0.9550561797752809,1.1685393258426966,1.797752808988764
2021-11-01,diesel,463.0,0.0,315.0,199.0,2021,11,matosinhos_transition,315.0,0.6803455723542117,0.6803455723542117,0.0,0.4298056155507559
2021-11-01,gasoline,96.0,27.0,39.0,111.0,2021,11,matosinhos_transition,12.0,0.40625,0.125,0.28125,1.15625
2021-12-01,diesel,463.0,15.0,163.0,351.0,2021,12,matosinhos_transition,148.0,0.35205183585313177,0.31965442764578833,0.032397408207343416,0.7580993520518359
2021-12-01,gasoline,88.0,70.0,22.0,138.0,2021,12,matosinhos_transition,-48.0,0.25,-0.5454545454545454,0.7954545454545454,1.5681818181818181
2022-01-01,diesel,361.0,22.0,76.0,433.0,2022,1,matosinhos_transition,54.0,0.21052631578947367,0.14958448753462603,0.060941828254847646,1.1994459833795015
2022-01-01,gasoline,79.0,62.0,11.0,106.0,2022,1,matosinhos_transition,-51.0,0.13924050632911392,-0.6455696202531646,0.7848101265822784,1.3417721518987342
2022-02-01,diesel,363.0,32.0,88.0,262.0,2022,2,matosinhos_transition,56.0,0.24242424242424243,0.15426997245179064,0.0881542699724518,0.721763085399449
2022-02-01,gasoline,71.0,146.0,10.0,197.0,2022,2,matosinhos_transition,-136.0,0.14084507042253522,-1.9154929577464788,2.056338028169014,2.7746478873239435
2022-03-01,diesel,445.0,18.0,95.0,296.0,2022,3,energy_stress_2022,77.0,0.21348314606741572,0.17303370786516853,0.04044943820224719,0.6651685393258427
2022-03-01,gasoline,89.0,63.0,14.0,192.0,2022,3,energy_stress_2022,-49.0,0.15730337078651685,-0.550561797752809,0.7078651685393258,2.157303370786517
2022-04-01,diesel,356.0,22.0,97.0,312.0,2022,4,energy_stress_2022,75.0,0.27247191011235955,0.21067415730337077,0.06179775280898876,0.8764044943820225
2022-04-01,gasoline,78.0,102.0,18.0,201.0,2022,4,energy_stress_2022,-84.0,0.23076923076923078,-1.0769230769230769,1.3076923076923077,2.576923076923077
2022-05-01,diesel,435.0,4.0,101.0,274.0,2022,5,energy_stress_2022,97.0,0.23218390804597702,0.22298850574712645,0.009195402298850575,0.6298850574712643
2022-05-01,gasoline,92.0,74.0,21.0,206.0,2022,5,energy_stress_2022,-53.0,0.22826086956521738,-0.5760869565217391,0.8043478260869565,2.239130434782609
2022-06-01,diesel,395.0,106.0,93.0,345.0,2022,6,energy_stress_2022,-13.0,0.23544303797468355,-0.03291139240506329,0.2683544303797468,0.8734177215189873
2022-06-01,gasoline,93.0,165.0,21.0,202.0,2022,6,energy_stress_2022,-144.0,0.22580645161290322,-1.5483870967741935,1.7741935483870968,2.172043010752688
2022-07-01,diesel,417.0,60.0,89.0,353.0,2022,7,energy_stress_2022,29.0,0.21342925659472423,0.06954436450839328,0.14388489208633093,0.8465227817745803
2022-07-01,gasoline,103.0,144.0,26.0,211.0,2022,7,energy_stress_2022,-118.0,0.2524271844660194,-1.145631067961165,1.3980582524271845,2.0485436893203883
2022-08-01,diesel,525.0,5.0,160.0,372.0,2022,8,energy_stress_2022,155.0,0.3047619047619048,0.29523809523809524,0.009523809523809525,0.7085714285714285
2022-08-01,gasoline,120.0,135.0,31.0,232.0,2022,8,energy_stress_2022,-104.0,0.25833333333333336,-0.8666666666666667,1.125,1.9333333333333333
2022-09-01,diesel,434.0,41.0,130.0,313.0,2022,9,energy_stress_2022,89.0,0.2995391705069124,0.20506912442396313,0.0944700460829493,0.7211981566820277
2022-09-01,gasoline,96.0,103.0,19.0,204.0,2022,9,energy_stress_2022,-84.0,0.19791666666666666,-0.875,1.0729166666666667,2.125
2022-10-01,diesel,415.0,0.0,157.0,213.0,2022,10,energy_stress_2022,157.0,0.3783132530120482,0.3783132530120482,0.0,0.5132530120481927
2022-10-01,gasoline,93.0,121.0,25.0,140.0,2022,10,energy_stress_2022,-96.0,0.26881720430107525,-1.032258064516129,1.3010752688172043,1.5053763440860215
2022-11-01,diesel,400.0,5.0,94.0,383.0,2022,11,energy_stress_2022,89.0,0.235,0.2225,0.0125,0.9575
2022-11-01,gasoline,97.0,51.0,17.0,166.0,2022,11,energy_stress_2022,-34.0,0.17525773195876287,-0.35051546391752575,0.5257731958762887,1.711340206185567
2022-12-01,diesel,416.0,16.0,95.0,385.0,2022,12,energy_stress_2022,79.0,0.2283653846153846,0.18990384615384615,0.038461538461538464,0.9254807692307693
2022-12-01,gasoline,93.0,180.0,18.0,184.0,2022,12,energy_stress_2022,-162.0,0.1935483870967742,-1.7419354838709677,1.935483870967742,1.978494623655914
2023-01-01,diesel,417.0,28.0,120.0,343.0,2023,1,post_stress,92.0,0.28776978417266186,0.22062350119904076,0.0671462829736211,0.8225419664268585
2023-01-01,gasoline,88.0,145.0,26.0,200.0,2023,1,post_stress,-119.0,0.29545454545454547,-1.3522727272727273,1.6477272727272727,2.272727272727273
2023-02-01,diesel,391.0,5.0,86.0,203.0,2023,2,post_stress,81.0,0.21994884910485935,0.2071611253196931,0.01278772378516624,0.5191815856777494
2023-02-01,gasoline,81.0,64.0,19.0,168.0,2023,2,post_stress,-45.0,0.2345679012345679,-0.5555555555555556,0.7901234567901234,2.074074074074074
2023-03-01,diesel,456.0,24.0,130.0,257.0,2023,3,post_stress,106.0,0.2850877192982456,0.2324561403508772,0.05263157894736842,0.5635964912280702
2023-03-01,gasoline,97.0,170.0,19.0,191.0,2023,3,post_stress,-151.0,0.1958762886597938,-1.556701030927835,1.7525773195876289,1.9690721649484537
2023-04-01,diesel,408.0,84.0,109.0,309.0,2023,4,post_stress,25.0,0.26715686274509803,0.061274509803921566,0.20588235294117646,0.7573529411764706
2023-04-01,gasoline,93.0,118.0,25.0,216.0,2023,4,post_stress,-93.0,0.26881720430107525,-1.0,1.2688172043010753,2.3225806451612905
2023-05-01,diesel,482.0,39.0,158.0,266.0,2023,5,post_stress,119.0,0.3278008298755187,0.24688796680497926,0.08091286307053942,0.5518672199170125
2023-05-01,gasoline,107.0,152.0,24.0,222.0,2023,5,post_stress,-128.0,0.22429906542056074,-1.1962616822429906,1.4205607476635513,2.074766355140187
2023-06-01,diesel,408.0,17.0,178.0,306.0,2023,6,post_stress,161.0,0.4362745098039216,0.3946078431372549,0.041666666666666664,0.75
2023-06-01,gasoline,97.0,119.0,29.0,201.0,2023,6,post_stress,-90.0,0.29896907216494845,-0.9278350515463918,1.2268041237113403,2.0721649484536084
2023-07-01,diesel,471.0,5.0,84.0,361.0,2023,7,post_stress,79.0,0.17834394904458598,0.16772823779193205,0.010615711252653927,0.7664543524416136
2023-07-01,gasoline,118.0,145.0,30.0,213.0,2023,7,post_stress,-115.0,0.2542372881355932,-0.9745762711864406,1.228813559322034,1.805084745762712
2023-08-01,diesel,418.0,5.0,104.0,330.0,2023,8,post_stress,99.0,0.24880382775119617,0.23684210526315788,0.011961722488038277,0.7894736842105263
2023-08-01,gasoline,116.0,174.0,23.0,240.0,2023,8,post_stress,-151.0,0.19827586206896552,-1.3017241379310345,1.5,2.0689655172413794
2023-09-01,diesel,398.0,6.0,128.0,303.0,2023,9,post_stress,122.0,0.32160804020100503,0.3065326633165829,0.01507537688442211,0.7613065326633166
2023-09-01,gasoline,97.0,36.0,24.0,184.0,2023,9,post_stress,-12.0,0.24742268041237114,-0.12371134020618557,0.3711340206185567,1.8969072164948453
2023-10-01,diesel,431.0,0.0,208.0,139.0,2023,10,post_stress,208.0,0.48259860788863107,0.48259860788863107,0.0,0.3225058004640371
2023-10-01,gasoline,100.0,0.0,17.0,10.0,2023,10,post_stress,17.0,0.17,0.17,0.0,0.1
2023-11-01,diesel,399.0,29.0,204.0,149.0,2023,11,post_stress,175.0,0.5112781954887218,0.43859649122807015,0.07268170426065163,0.37343358395989973
2023-11-01,gasoline,94.0,3.0,86.0,25.0,2023,11,post_stress,83.0,0.9148936170212766,0.8829787234042553,0.031914893617021274,0.26595744680851063
2023-12-01,diesel,405.0,43.0,88.0,382.0,2023,12,post_stress,45.0,0.21728395061728395,0.1111111111111111,0.10617283950617284,0.9432098765432099
2023-12-01,gasoline,100.0,128.0,26.0,218.0,2023,12,post_stress,-102.0,0.26,-1.02,1.28,2.18
2024-01-01,diesel,389.0,101.0,110.0,389.0,2024,1,post_stress,9.0,0.2827763496143959,0.02313624678663239,0.2596401028277635,1.0
2024-01-01,gasoline,90.0,143.0,19.0,235.0,2024,1,post_stress,-124.0,0.2111111111111111,-1.3777777777777778,1.5888888888888888,2.611111111111111
2024-02-01,diesel,372.0,33.0,111.0,277.0,2024,2,post_stress,78.0,0.29838709677419356,0.20967741935483872,0.08870967741935484,0.7446236559139785
2024-02-01,gasoline,90.0,99.0,20.0,165.0,2024,2,post_stress,-79.0,0.2222222222222222,-0.8777777777777778,1.1,1.8333333333333333
2024-03-01,diesel,319.0,39.0,81.0,310.0,2024,3,post_stress,42.0,0.25391849529780564,0.13166144200626959,0.12225705329153605,0.9717868338557993
2024-03-01,gasoline,79.0,134.0,23.0,194.0,2024,3,post_stress,-111.0,0.2911392405063291,-1.4050632911392404,1.6962025316455696,2.4556962025316458
2024-04-01,diesel,416.0,146.0,86.0,408.0,2024,4,post_stress,-60.0,0.20673076923076922,-0.14423076923076922,0.35096153846153844,0.9807692307692307
2024-04-01,gasoline,100.0,174.0,25.0,234.0,2024,4,post_stress,-149.0,0.25,-1.49,1.74,2.34
2024-05-01,diesel,449.0,74.0,110.0,366.0,2024,5,post_stress,36.0,0.24498886414253898,0.0801781737193764,0.16481069042316257,0.8151447661469933
2024-05-01,gasoline,108.0,185.0,23.0,250.0,2024,5,post_stress,-162.0,0.21296296296296297,-1.5,1.712962962962963,2.314814814814815
2024-06-01,diesel,407.0,78.0,120.0,381.0,2024,6,post_stress,42.0,0.29484029484029484,0.10319410319410319,0.19164619164619165,0.9361179361179361
2024-06-01,gasoline,107.0,107.0,26.0,232.0,2024,6,post_stress,-81.0,0.24299065420560748,-0.7570093457943925,1.0,2.1682242990654204
2024-07-01,diesel,440.0,79.0,97.0,345.0,2024,7,post_stress,18.0,0.22045454545454546,0.04090909090909091,0.17954545454545454,0.7840909090909091
2024-07-01,gasoline,118.0,133.0,30.0,208.0,2024,7,post_stress,-103.0,0.2542372881355932,-0.8728813559322034,1.1271186440677967,1.7627118644067796
2024-08-01,diesel,439.0,63.0,115.0,355.0,2024,8,post_stress,52.0,0.2619589977220957,0.11845102505694761,0.14350797266514806,0.8086560364464692
2024-08-01,gasoline,130.0,154.0,38.0,244.0,2024,8,post_stress,-116.0,0.2923076923076923,-0.8923076923076924,1.1846153846153846,1.876923076923077
2024-09-01,diesel,401.0,66.0,76.0,345.0,2024,9,post_stress,10.0,0.18952618453865336,0.02493765586034913,0.16458852867830423,0.8603491271820449
2024-09-01,gasoline,107.0,159.0,31.0,232.0,2024,9,post_stress,-128.0,0.2897196261682243,-1.1962616822429906,1.485981308411215,2.1682242990654204
2024-10-01,diesel,438.0,7.0,110.0,340.0,2024,10,post_stress,103.0,0.2511415525114155,0.23515981735159816,0.01598173515981735,0.776255707762557
2024-10-01,gasoline,109.0,140.0,28.0,211.0,2024,10,post_stress,-112.0,0.25688073394495414,-1.0275229357798166,1.2844036697247707,1.9357798165137614
2024-11-01,diesel,399.0,37.0,106.0,317.0,2024,11,post_stress,69.0,0.2656641604010025,0.17293233082706766,0.09273182957393483,0.7944862155388471
2024-11-01,gasoline,102.0,128.0,17.0,224.0,2024,11,post_stress,-111.0,0.16666666666666666,-1.088235294117647,1.2549019607843137,2.196078431372549
2024-12-01,diesel,399.0,8.0,100.0,300.0,2024,12,post_stress,92.0,0.2506265664160401,0.23057644110275688,0.020050125313283207,0.7518796992481203
2024-12-01,gasoline,110.0,141.0,22.0,240.0,2024,12,post_stress,-119.0,0.2,-1.0818181818181818,1.2818181818181817,2.1818181818181817
2025-01-01,diesel,374.0,0.0,98.0,311.0,2025,1,post_stress,98.0,0.2620320855614973,0.2620320855614973,0.0,0.8315508021390374
2025-01-01,gasoline,90.0,99.0,25.0,185.0,2025,1,post_stress,-74.0,0.2777777777777778,-0.8222222222222222,1.1,2.0555555555555554
2025-02-01,diesel,369.0,7.0,76.0,336.0,2025,2,post_stress,69.0,0.20596205962059622,0.18699186991869918,0.018970189701897018,0.9105691056910569
2025-02-01,gasoline,93.0,130.0,30.0,183.0,2025,2,post_stress,-100.0,0.3225806451612903,-1.075268817204301,1.3978494623655915,1.967741935483871
2025-03-01,diesel,400.0,67.0,102.0,348.0,2025,3,post_stress,35.0,0.255,0.0875,0.1675,0.87
2025-03-01,gasoline,105.0,131.0,10.0,212.0,2025,3,post_stress,-121.0,0.09523809523809523,-1.1523809523809523,1.2476190476190476,2.019047619047619
2025-04-01,diesel,400.0,33.0,44.0,298.0,2025,4,post_stress,11.0,0.11,0.0275,0.0825,0.745
2025-04-01,gasoline,108.0,161.0,34.0,217.0,2025,4,post_stress,-127.0,0.3148148148148148,-1.1759259259259258,1.4907407407407407,2.009259259259259
2025-05-01,diesel,449.0,55.0,91.0,326.0,2025,5,post_stress,36.0,0.2026726057906459,0.0801781737193764,0.12249443207126949,0.7260579064587973
2025-05-01,gasoline,103.0,48.0,40.0,162.0,2025,5,post_stress,-8.0,0.3883495145631068,-0.07766990291262135,0.46601941747572817,1.5728155339805825
2025-06-01,diesel,418.0,7.0,137.0,343.0,2025,6,post_stress,130.0,0.3277511961722488,0.31100478468899523,0.01674641148325359,0.8205741626794258
2025-06-01,gasoline,119.0,208.0,23.0,216.0,2025,6,post_stress,-185.0,0.19327731092436976,-1.5546218487394958,1.7478991596638656,1.815126050420168
2025-07-01,diesel,428.0,84.0,86.0,322.0,2025,7,post_stress,2.0,0.20093457943925233,0.004672897196261682,0.19626168224299065,0.7523364485981309
2025-07-01,gasoline,129.0,108.0,53.0,210.0,2025,7,post_stress,-55.0,0.4108527131782946,-0.4263565891472868,0.8372093023255814,1.627906976744186
2025-08-01,diesel,400.0,0.0,85.0,424.0,2025,8,post_stress,85.0,0.2125,0.2125,0.0,1.06
2025-08-01,gasoline,134.0,100.0,55.0,228.0,2025,8,post_stress,-45.0,0.41044776119402987,-0.3358208955223881,0.746268656716418,1.7014925373134329
2025-09-01,diesel,403.0,44.0,85.0,348.0,2025,9,post_stress,41.0,0.2109181141439206,0.10173697270471464,0.10918114143920596,0.8635235732009926
2025-09-01,gasoline,116.0,125.0,30.0,200.0,2025,9,post_stress,-95.0,0.25862068965517243,-0.8189655172413793,1.0775862068965518,1.7241379310344827
2025-10-01,diesel,447.0,0.0,144.0,99.0,2025,10,post_stress,144.0,0.3221476510067114,0.3221476510067114,0.0,0.2214765100671141
2025-10-01,gasoline,121.0,0.0,78.0,25.0,2025,10,post_stress,78.0,0.6446280991735537,0.6446280991735537,0.0,0.2066115702479339
2025-11-01,diesel,365.0,0.0,188.0,58.0,2025,11,post_stress,188.0,0.5150684931506849,0.5150684931506849,0.0,0.1589041095890411
2025-11-01,gasoline,100.0,0.0,59.0,55.0,2025,11,post_stress,59.0,0.59,0.59,0.0,0.55
2025-12-01,diesel,410.0,18.0,259.0,262.0,2025,12,post_stress,241.0,0.6317073170731707,0.5878048780487805,0.04390243902439024,0.6390243902439025
2025-12-01,gasoline,115.0,93.0,40.0,160.0,2025,12,post_stress,-53.0,0.34782608695652173,-0.4608695652173913,0.808695652173913,1.391304347826087
2026-01-01,diesel,389.0,38.0,155.0,264.0,2026,1,post_stress,117.0,0.39845758354755784,0.30077120822622105,0.09768637532133675,0.6786632390745502
2026-01-01,gasoline,105.0,59.0,29.0,161.0,2026,1,post_stress,-30.0,0.2761904761904762,-0.2857142857142857,0.5619047619047619,1.5333333333333334
2026-02-01,diesel,368.0,0.0,239.0,180.0,2026,2,post_stress,239.0,0.6494565217391305,0.6494565217391305,0.0,0.4891304347826087
2026-02-01,gasoline,101.0,100.0,37.0,143.0,2026,2,post_stress,-63.0,0.36633663366336633,-0.6237623762376238,0.9900990099009901,1.4158415841584158
2026-03-01,diesel,458.0,66.0,107.0,323.0,2026,3,post_stress,41.0,0.2336244541484716,0.08951965065502183,0.14410480349344978,0.7052401746724891
2026-03-01,gasoline,118.0,151.0,31.0,223.0,2026,3,post_stress,-120.0,0.2627118644067797,-1.0169491525423728,1.2796610169491525,1.8898305084745763
2026-04-01,diesel,394.0,0.0,111.0,292.0,2026,4,post_stress,111.0,0.2817258883248731,0.2817258883248731,0.0,0.7411167512690355
2026-04-01,gasoline,112.0,99.0,46.0,183.0,2026,4,post_stress,-53.0,0.4107142857142857,-0.4732142857142857,0.8839285714285714,1.6339285714285714
2026-05-01,diesel,373.0,6.0,100.0,316.0,2026,5,post_stress,94.0,0.2680965147453083,0.2520107238605898,0.0160857908847185,0.8471849865951743
2026-05-01,gasoline,103.0,166.0,46.0,238.0,2026,5,post_stress,-120.0,0.44660194174757284,-1.1650485436893203,1.6116504854368932,2.3106796116504853
