value,freq,freq_label,nrg_bal,nrg_bal_label,siec,siec_label,unit,unit_label,geo,geo_label,time,time_label
743.0,A,Annual,IMP,Imports,O4652,Motor gasoline,THS_T,Thousand tonnes,ES,Spain,2005,2005
575.0,A,Annual,IMP,Imports,O4652,Motor gasoline,THS_T,Thousand tonnes,ES,Spain,2006,2006
757.0,A,Annual,IMP,Imports,O4652,Motor gasoline,THS_T,Thousand tonnes,ES,Spain,2007,2007
478.0,A,Annual,IMP,Imports,O4652,Motor gasoline,THS_T,Thousand tonnes,ES,Spain,2008,2008
332.0,A,Annual,IMP,Imports,O4652,Motor gasoline,THS_T,Thousand tonnes,ES,Spain,2009,2009
163.0,A,Annual,IMP,Imports,O4652,Motor gasoline,THS_T,Thousand tonnes,ES,Spain,2010,2010
113.0,A,Annual,IMP,Imports,O4652,Motor gasoline,THS_T,Thousand tonnes,ES,Spain,2011,2011
81.0,A,Annual,IMP,Imports,O4652,Motor gasoline,THS_T,Thousand tonnes,ES,Spain,2012,2012
77.0,A,Annual,IMP,Imports,O4652,Motor gasoline,THS_T,Thousand tonnes,ES,Spain,2013,2013
77.0,A,Annual,IMP,Imports,O4652,Motor gasoline,THS_T,Thousand tonnes,ES,Spain,2014,2014
103.0,A,Annual,IMP,Imports,O4652,Motor gasoline,THS_T,Thousand tonnes,ES,Spain,2015,2015
160.0,A,Annual,IMP,Imports,O4652,Motor gasoline,THS_T,Thousand tonnes,ES,Spain,2016,2016
417.0,A,Annual,IMP,Imports,O4652,Motor gasoline,THS_T,Thousand tonnes,ES,Spain,2017,2017
441.0,A,Annual,IMP,Imports,O4652,Motor gasoline,THS_T,Thousand tonnes,ES,Spain,2018,2018
1438.0,A,Annual,IMP,Imports,O4652,Motor gasoline,THS_T,Thousand tonnes,ES,Spain,2019,2019
1066.0,A,Annual,IMP,Imports,O4652,Motor gasoline,THS_T,Thousand tonnes,ES,Spain,2020,2020
504.291,A,Annual,IMP,Imports,O4652,Motor gasoline,THS_T,Thousand tonnes,ES,Spain,2021,2021
790.553,A,Annual,IMP,Imports,O4652,Motor gasoline,THS_T,Thousand tonnes,ES,Spain,2022,2022
546.403,A,Annual,IMP,Imports,O4652,Motor gasoline,THS_T,Thousand tonnes,ES,Spain,2023,2023
745.192,A,Annual,IMP,Imports,O4652,Motor gasoline,THS_T,Thousand tonnes,ES,Spain,2024,2024
2618.484,A,Annual,IMP,Imports,O4652,Motor gasoline,THS_T,Thousand tonnes,ES,Spain,2025,2025
128.0,A,Annual,IMP,Imports,O4652,Motor gasoline,THS_T,Thousand tonnes,PT,Portugal,2005,2005
104.0,A,Annual,IMP,Imports,O4652,Motor gasoline,THS_T,Thousand tonnes,PT,Portugal,2006,2006
89.0,A,Annual,IMP,Imports,O4652,Motor gasoline,THS_T,Thousand tonnes,PT,Portugal,2007,2007
115.0,A,Annual,IMP,Imports,O4652,Motor gasoline,THS_T,Thousand tonnes,PT,Portugal,2008,2008
240.0,A,Annual,IMP,Imports,O4652,Motor gasoline,THS_T,Thousand tonnes,PT,Portugal,2009,2009
178.0,A,Annual,IMP,Imports,O4652,Motor gasoline,THS_T,Thousand tonnes,PT,Portugal,2010,2010
191.0,A,Annual,IMP,Imports,O4652,Motor gasoline,THS_T,Thousand tonnes,PT,Portugal,2011,2011
160.0,A,Annual,IMP,Imports,O4652,Motor gasoline,THS_T,Thousand tonnes,PT,Portugal,2012,2012
102.0,A,Annual,IMP,Imports,O4652,Motor gasoline,THS_T,Thousand tonnes,PT,Portugal,2013,2013
154.0,A,Annual,IMP,Imports,O4652,Motor gasoline,THS_T,Thousand tonnes,PT,Portugal,2014,2014
137.0,A,Annual,IMP,Imports,O4652,Motor gasoline,THS_T,Thousand tonnes,PT,Portugal,2015,2015
167.0,A,Annual,IMP,Imports,O4652,Motor gasoline,THS_T,Thousand tonnes,PT,Portugal,2016,2016
123.558,A,Annual,IMP,Imports,O4652,Motor gasoline,THS_T,Thousand tonnes,PT,Portugal,2017,2017
149.197,A,Annual,IMP,Imports,O4652,Motor gasoline,THS_T,Thousand tonnes,PT,Portugal,2018,2018
261.213,A,Annual,IMP,Imports,O4652,Motor gasoline,THS_T,Thousand tonnes,PT,Portugal,2019,2019
192.841,A,Annual,IMP,Imports,O4652,Motor gasoline,THS_T,Thousand tonnes,PT,Portugal,2020,2020
202.473,A,Annual,IMP,Imports,O4652,Motor gasoline,THS_T,Thousand tonnes,PT,Portugal,2021,2021
230.427,A,Annual,IMP,Imports,O4652,Motor gasoline,THS_T,Thousand tonnes,PT,Portugal,2022,2022
346.582,A,Annual,IMP,Imports,O4652,Motor gasoline,THS_T,Thousand tonnes,PT,Portugal,2023,2023
299.797,A,Annual,IMP,Imports,O4652,Motor gasoline,THS_T,Thousand tonnes,PT,Portugal,2024,2024
449.797,A,Annual,IMP,Imports,O4652,Motor gasoline,THS_T,Thousand tonnes,PT,Portugal,2025,2025
13217.0,A,Annual,IMP,Imports,O4671,Gas oil and diesel oil,THS_T,Thousand tonnes,ES,Spain,2005,2005
13605.0,A,Annual,IMP,Imports,O4671,Gas oil and diesel oil,THS_T,Thousand tonnes,ES,Spain,2006,2006
14410.0,A,Annual,IMP,Imports,O4671,Gas oil and diesel oil,THS_T,Thousand tonnes,ES,Spain,2007,2007
12266.0,A,Annual,IMP,Imports,O4671,Gas oil and diesel oil,THS_T,Thousand tonnes,ES,Spain,2008,2008
11272.0,A,Annual,IMP,Imports,O4671,Gas oil and diesel oil,THS_T,Thousand tonnes,ES,Spain,2009,2009
10801.0,A,Annual,IMP,Imports,O4671,Gas oil and diesel oil,THS_T,Thousand tonnes,ES,Spain,2010,2010
8541.0,A,Annual,IMP,Imports,O4671,Gas oil and diesel oil,THS_T,Thousand tonnes,ES,Spain,2011,2011
6696.0,A,Annual,IMP,Imports,O4671,Gas oil and diesel oil,THS_T,Thousand tonnes,ES,Spain,2012,2012
4658.0,A,Annual,IMP,Imports,O4671,Gas oil and diesel oil,THS_T,Thousand tonnes,ES,Spain,2013,2013
3812.0,A,Annual,IMP,Imports,O4671,Gas oil and diesel oil,THS_T,Thousand tonnes,ES,Spain,2014,2014
4644.0,A,Annual,IMP,Imports,O4671,Gas oil and diesel oil,THS_T,Thousand tonnes,ES,Spain,2015,2015
4790.0,A,Annual,IMP,Imports,O4671,Gas oil and diesel oil,THS_T,Thousand tonnes,ES,Spain,2016,2016
5085.0,A,Annual,IMP,Imports,O4671,Gas oil and diesel oil,THS_T,Thousand tonnes,ES,Spain,2017,2017
4748.0,A,Annual,IMP,Imports,O4671,Gas oil and diesel oil,THS_T,Thousand tonnes,ES,Spain,2018,2018
5026.0,A,Annual,IMP,Imports,O4671,Gas oil and diesel oil,THS_T,Thousand tonnes,ES,Spain,2019,2019
5817.0,A,Annual,IMP,Imports,O4671,Gas oil and diesel oil,THS_T,Thousand tonnes,ES,Spain,2020,2020
6640.725,A,Annual,IMP,Imports,O4671,Gas oil and diesel oil,THS_T,Thousand tonnes,ES,Spain,2021,2021
5002.012,A,Annual,IMP,Imports,O4671,Gas oil and diesel oil,THS_T,Thousand tonnes,ES,Spain,2022,2022
4970.428,A,Annual,IMP,Imports,O4671,Gas oil and diesel oil,THS_T,Thousand tonnes,ES,Spain,2023,2023
7022.692,A,Annual,IMP,Imports,O4671,Gas oil and diesel oil,THS_T,Thousand tonnes,ES,Spain,2024,2024
6575.702,A,Annual,IMP,Imports,O4671,Gas oil and diesel oil,THS_T,Thousand tonnes,ES,Spain,2025,2025
877.0,A,Annual,IMP,Imports,O4671,Gas oil and diesel oil,THS_T,Thousand tonnes,PT,Portugal,2005,2005
638.0,A,Annual,IMP,Imports,O4671,Gas oil and diesel oil,THS_T,Thousand tonnes,PT,Portugal,2006,2006
776.0,A,Annual,IMP,Imports,O4671,Gas oil and diesel oil,THS_T,Thousand tonnes,PT,Portugal,2007,2007
1011.0,A,Annual,IMP,Imports,O4671,Gas oil and diesel oil,THS_T,Thousand tonnes,PT,Portugal,2008,2008
1478.0,A,Annual,IMP,Imports,O4671,Gas oil and diesel oil,THS_T,Thousand tonnes,PT,Portugal,2009,2009
1185.0,A,Annual,IMP,Imports,O4671,Gas oil and diesel oil,THS_T,Thousand tonnes,PT,Portugal,2010,2010
1349.0,A,Annual,IMP,Imports,O4671,Gas oil and diesel oil,THS_T,Thousand tonnes,PT,Portugal,2011,2011
890.0,A,Annual,IMP,Imports,O4671,Gas oil and diesel oil,THS_T,Thousand tonnes,PT,Portugal,2012,2012
578.0,A,Annual,IMP,Imports,O4671,Gas oil and diesel oil,THS_T,Thousand tonnes,PT,Portugal,2013,2013
699.0,A,Annual,IMP,Imports,O4671,Gas oil and diesel oil,THS_T,Thousand tonnes,PT,Portugal,2014,2014
782.0,A,Annual,IMP,Imports,O4671,Gas oil and diesel oil,THS_T,Thousand tonnes,PT,Portugal,2015,2015
962.0,A,Annual,IMP,Imports,O4671,Gas oil and diesel oil,THS_T,Thousand tonnes,PT,Portugal,2016,2016
892.763,A,Annual,IMP,Imports,O4671,Gas oil and diesel oil,THS_T,Thousand tonnes,PT,Portugal,2017,2017
856.654,A,Annual,IMP,Imports,O4671,Gas oil and diesel oil,THS_T,Thousand tonnes,PT,Portugal,2018,2018
1257.736,A,Annual,IMP,Imports,O4671,Gas oil and diesel oil,THS_T,Thousand tonnes,PT,Portugal,2019,2019
929.434,A,Annual,IMP,Imports,O4671,Gas oil and diesel oil,THS_T,Thousand tonnes,PT,Portugal,2020,2020
1499.906,A,Annual,IMP,Imports,O4671,Gas oil and diesel oil,THS_T,Thousand tonnes,PT,Portugal,2021,2021
1316.11,A,Annual,IMP,Imports,O4671,Gas oil and diesel oil,THS_T,Thousand tonnes,PT,Portugal,2022,2022
1631.591,A,Annual,IMP,Imports,O4671,Gas oil and diesel oil,THS_T,Thousand tonnes,PT,Portugal,2023,2023
1254.293,A,Annual,IMP,Imports,O4671,Gas oil and diesel oil,THS_T,Thousand tonnes,PT,Portugal,2024,2024
1501.393,A,Annual,IMP,Imports,O4671,Gas oil and diesel oil,THS_T,Thousand tonnes,PT,Portugal,2025,2025
2866.0,A,Annual,EXP,Exports,O4652,Motor gasoline,THS_T,Thousand tonnes,ES,Spain,2005,2005
3520.0,A,Annual,EXP,Exports,O4652,Motor gasoline,THS_T,Thousand tonnes,ES,Spain,2006,2006
3231.0,A,Annual,EXP,Exports,O4652,Motor gasoline,THS_T,Thousand tonnes,ES,Spain,2007,2007
3309.0,A,Annual,EXP,Exports,O4652,Motor gasoline,THS_T,Thousand tonnes,ES,Spain,2008,2008
3813.0,A,Annual,EXP,Exports,O4652,Motor gasoline,THS_T,Thousand tonnes,ES,Spain,2009,2009
3423.0,A,Annual,EXP,Exports,O4652,Motor gasoline,THS_T,Thousand tonnes,ES,Spain,2010,2010
3341.0,A,Annual,EXP,Exports,O4652,Motor gasoline,THS_T,Thousand tonnes,ES,Spain,2011,2011
3378.0,A,Annual,EXP,Exports,O4652,Motor gasoline,THS_T,Thousand tonnes,ES,Spain,2012,2012
3407.0,A,Annual,EXP,Exports,O4652,Motor gasoline,THS_T,Thousand tonnes,ES,Spain,2013,2013
3262.0,A,Annual,EXP,Exports,O4652,Motor gasoline,THS_T,Thousand tonnes,ES,Spain,2014,2014
4741.0,A,Annual,EXP,Exports,O4652,Motor gasoline,THS_T,Thousand tonnes,ES,Spain,2015,2015
4442.0,A,Annual,EXP,Exports,O4652,Motor gasoline,THS_T,Thousand tonnes,ES,Spain,2016,2016
4514.0,A,Annual,EXP,Exports,O4652,Motor gasoline,THS_T,Thousand tonnes,ES,Spain,2017,2017
4347.0,A,Annual,EXP,Exports,O4652,Motor gasoline,THS_T,Thousand tonnes,ES,Spain,2018,2018
4740.0,A,Annual,EXP,Exports,O4652,Motor gasoline,THS_T,Thousand tonnes,ES,Spain,2019,2019
4304.0,A,Annual,EXP,Exports,O4652,Motor gasoline,THS_T,Thousand tonnes,ES,Spain,2020,2020
4564.84,A,Annual,EXP,Exports,O4652,Motor gasoline,THS_T,Thousand tonnes,ES,Spain,2021,2021
4041.556,A,Annual,EXP,Exports,O4652,Motor gasoline,THS_T,Thousand tonnes,ES,Spain,2022,2022
3816.049,A,Annual,EXP,Exports,O4652,Motor gasoline,THS_T,Thousand tonnes,ES,Spain,2023,2023
3269.337,A,Annual,EXP,Exports,O4652,Motor gasoline,THS_T,Thousand tonnes,ES,Spain,2024,2024
5148.195,A,Annual,EXP,Exports,O4652,Motor gasoline,THS_T,Thousand tonnes,ES,Spain,2025,2025
792.0,A,Annual,EXP,Exports,O4652,Motor gasoline,THS_T,Thousand tonnes,PT,Portugal,2005,2005
1270.0,A,Annual,EXP,Exports,O4652,Motor gasoline,THS_T,Thousand tonnes,PT,Portugal,2006,2006
1091.0,A,Annual,EXP,Exports,O4652,Motor gasoline,THS_T,Thousand tonnes,PT,Portugal,2007,2007
767.0,A,Annual,EXP,Exports,O4652,Motor gasoline,THS_T,Thousand tonnes,PT,Portugal,2008,2008
835.0,A,Annual,EXP,Exports,O4652,Motor gasoline,THS_T,Thousand tonnes,PT,Portugal,2009,2009
1035.0,A,Annual,EXP,Exports,O4652,Motor gasoline,THS_T,Thousand tonnes,PT,Portugal,2010,2010
799.0,A,Annual,EXP,Exports,O4652,Motor gasoline,THS_T,Thousand tonnes,PT,Portugal,2011,2011
898.0,A,Annual,EXP,Exports,O4652,Motor gasoline,THS_T,Thousand tonnes,PT,Portugal,2012,2012
1293.0,A,Annual,EXP,Exports,O4652,Motor gasoline,THS_T,Thousand tonnes,PT,Portugal,2013,2013
976.0,A,Annual,EXP,Exports,O4652,Motor gasoline,THS_T,Thousand tonnes,PT,Portugal,2014,2014
1786.0,A,Annual,EXP,Exports,O4652,Motor gasoline,THS_T,Thousand tonnes,PT,Portugal,2015,2015
1742.0,A,Annual,EXP,Exports,O4652,Motor gasoline,THS_T,Thousand tonnes,PT,Portugal,2016,2016
1884.529,A,Annual,EXP,Exports,O4652,Motor gasoline,THS_T,Thousand tonnes,PT,Portugal,2017,2017
1643.801,A,Annual,EXP,Exports,O4652,Motor gasoline,THS_T,Thousand tonnes,PT,Portugal,2018,2018
1585.344,A,Annual,EXP,Exports,O4652,Motor gasoline,THS_T,Thousand tonnes,PT,Portugal,2019,2019
1271.342,A,Annual,EXP,Exports,O4652,Motor gasoline,THS_T,Thousand tonnes,PT,Portugal,2020,2020
1423.946,A,Annual,EXP,Exports,O4652,Motor gasoline,THS_T,Thousand tonnes,PT,Portugal,2021,2021
1501.699,A,Annual,EXP,Exports,O4652,Motor gasoline,THS_T,Thousand tonnes,PT,Portugal,2022,2022
1254.246,A,Annual,EXP,Exports,O4652,Motor gasoline,THS_T,Thousand tonnes,PT,Portugal,2023,2023
1728.079,A,Annual,EXP,Exports,O4652,Motor gasoline,THS_T,Thousand tonnes,PT,Portugal,2024,2024
1204.316,A,Annual,EXP,Exports,O4652,Motor gasoline,THS_T,Thousand tonnes,PT,Portugal,2025,2025
822.0,A,Annual,EXP,Exports,O4671,Gas oil and diesel oil,THS_T,Thousand tonnes,ES,Spain,2005,2005
950.0,A,Annual,EXP,Exports,O4671,Gas oil and diesel oil,THS_T,Thousand tonnes,ES,Spain,2006,2006
951.0,A,Annual,EXP,Exports,O4671,Gas oil and diesel oil,THS_T,Thousand tonnes,ES,Spain,2007,2007
1003.0,A,Annual,EXP,Exports,O4671,Gas oil and diesel oil,THS_T,Thousand tonnes,ES,Spain,2008,2008
777.0,A,Annual,EXP,Exports,O4671,Gas oil and diesel oil,THS_T,Thousand tonnes,ES,Spain,2009,2009
1148.0,A,Annual,EXP,Exports,O4671,Gas oil and diesel oil,THS_T,Thousand tonnes,ES,Spain,2010,2010
2373.0,A,Annual,EXP,Exports,O4671,Gas oil and diesel oil,THS_T,Thousand tonnes,ES,Spain,2011,2011
6192.0,A,Annual,EXP,Exports,O4671,Gas oil and diesel oil,THS_T,Thousand tonnes,ES,Spain,2012,2012
5400.0,A,Annual,EXP,Exports,O4671,Gas oil and diesel oil,THS_T,Thousand tonnes,ES,Spain,2013,2013
5071.0,A,Annual,EXP,Exports,O4671,Gas oil and diesel oil,THS_T,Thousand tonnes,ES,Spain,2014,2014
5403.0,A,Annual,EXP,Exports,O4671,Gas oil and diesel oil,THS_T,Thousand tonnes,ES,Spain,2015,2015
5381.0,A,Annual,EXP,Exports,O4671,Gas oil and diesel oil,THS_T,Thousand tonnes,ES,Spain,2016,2016
6578.0,A,Annual,EXP,Exports,O4671,Gas oil and diesel oil,THS_T,Thousand tonnes,ES,Spain,2017,2017
6140.0,A,Annual,EXP,Exports,O4671,Gas oil and diesel oil,THS_T,Thousand tonnes,ES,Spain,2018,2018
5983.0,A,Annual,EXP,Exports,O4671,Gas oil and diesel oil,THS_T,Thousand tonnes,ES,Spain,2019,2019
7148.0,A,Annual,EXP,Exports,O4671,Gas oil and diesel oil,THS_T,Thousand tonnes,ES,Spain,2020,2020
6377.194,A,Annual,EXP,Exports,O4671,Gas oil and diesel oil,THS_T,Thousand tonnes,ES,Spain,2021,2021
4965.851,A,Annual,EXP,Exports,O4671,Gas oil and diesel oil,THS_T,Thousand tonnes,ES,Spain,2022,2022
6106.951,A,Annual,EXP,Exports,O4671,Gas oil and diesel oil,THS_T,Thousand tonnes,ES,Spain,2023,2023
8151.519,A,Annual,EXP,Exports,O4671,Gas oil and diesel oil,THS_T,Thousand tonnes,ES,Spain,2024,2024
5677.82,A,Annual,EXP,Exports,O4671,Gas oil and diesel oil,THS_T,Thousand tonnes,ES,Spain,2025,2025
211.0,A,Annual,EXP,Exports,O4671,Gas oil and diesel oil,THS_T,Thousand tonnes,PT,Portugal,2005,2005
314.0,A,Annual,EXP,Exports,O4671,Gas oil and diesel oil,THS_T,Thousand tonnes,PT,Portugal,2006,2006
192.0,A,Annual,EXP,Exports,O4671,Gas oil and diesel oil,THS_T,Thousand tonnes,PT,Portugal,2007,2007
164.0,A,Annual,EXP,Exports,O4671,Gas oil and diesel oil,THS_T,Thousand tonnes,PT,Portugal,2008,2008
95.0,A,Annual,EXP,Exports,O4671,Gas oil and diesel oil,THS_T,Thousand tonnes,PT,Portugal,2009,2009
35.0,A,Annual,EXP,Exports,O4671,Gas oil and diesel oil,THS_T,Thousand tonnes,PT,Portugal,2010,2010
120.0,A,Annual,EXP,Exports,O4671,Gas oil and diesel oil,THS_T,Thousand tonnes,PT,Portugal,2011,2011
350.0,A,Annual,EXP,Exports,O4671,Gas oil and diesel oil,THS_T,Thousand tonnes,PT,Portugal,2012,2012
1693.0,A,Annual,EXP,Exports,O4671,Gas oil and diesel oil,THS_T,Thousand tonnes,PT,Portugal,2013,2013
1295.0,A,Annual,EXP,Exports,O4671,Gas oil and diesel oil,THS_T,Thousand tonnes,PT,Portugal,2014,2014
2284.0,A,Annual,EXP,Exports,O4671,Gas oil and diesel oil,THS_T,Thousand tonnes,PT,Portugal,2015,2015
2076.0,A,Annual,EXP,Exports,O4671,Gas oil and diesel oil,THS_T,Thousand tonnes,PT,Portugal,2016,2016
2079.034,A,Annual,EXP,Exports,O4671,Gas oil and diesel oil,THS_T,Thousand tonnes,PT,Portugal,2017,2017
1134.429,A,Annual,EXP,Exports,O4671,Gas oil and diesel oil,THS_T,Thousand tonnes,PT,Portugal,2018,2018
899.898,A,Annual,EXP,Exports,O4671,Gas oil and diesel oil,THS_T,Thousand tonnes,PT,Portugal,2019,2019
1302.675,A,Annual,EXP,Exports,O4671,Gas oil and diesel oil,THS_T,Thousand tonnes,PT,Portugal,2020,2020
1377.206,A,Annual,EXP,Exports,O4671,Gas oil and diesel oil,THS_T,Thousand tonnes,PT,Portugal,2021,2021
622.203,A,Annual,EXP,Exports,O4671,Gas oil and diesel oil,THS_T,Thousand tonnes,PT,Portugal,2022,2022
283.668,A,Annual,EXP,Exports,O4671,Gas oil and diesel oil,THS_T,Thousand tonnes,PT,Portugal,2023,2023
728.175,A,Annual,EXP,Exports,O4671,Gas oil and diesel oil,THS_T,Thousand tonnes,PT,Portugal,2024,2024
314.863,A,Annual,EXP,Exports,O4671,Gas oil and diesel oil,THS_T,Thousand tonnes,PT,Portugal,2025,2025
7437.0,A,Annual,GID_OBS,Gross inland deliveries - observed,O4652,Motor gasoline,THS_T,Thousand tonnes,ES,Spain,2005,2005
7107.0,A,Annual,GID_OBS,Gross inland deliveries - observed,O4652,Motor gasoline,THS_T,Thousand tonnes,ES,Spain,2006,2006
6846.0,A,Annual,GID_OBS,Gross inland deliveries - observed,O4652,Motor gasoline,THS_T,Thousand tonnes,ES,Spain,2007,2007
6287.0,A,Annual,GID_OBS,Gross inland deliveries - observed,O4652,Motor gasoline,THS_T,Thousand tonnes,ES,Spain,2008,2008
6002.0,A,Annual,GID_OBS,Gross inland deliveries - observed,O4652,Motor gasoline,THS_T,Thousand tonnes,ES,Spain,2009,2009
5671.0,A,Annual,GID_OBS,Gross inland deliveries - observed,O4652,Motor gasoline,THS_T,Thousand tonnes,ES,Spain,2010,2010
5293.0,A,Annual,GID_OBS,Gross inland deliveries - observed,O4652,Motor gasoline,THS_T,Thousand tonnes,ES,Spain,2011,2011
4917.0,A,Annual,GID_OBS,Gross inland deliveries - observed,O4652,Motor gasoline,THS_T,Thousand tonnes,ES,Spain,2012,2012
4651.0,A,Annual,GID_OBS,Gross inland deliveries - observed,O4652,Motor gasoline,THS_T,Thousand tonnes,ES,Spain,2013,2013
4615.0,A,Annual,GID_OBS,Gross inland deliveries - observed,O4652,Motor gasoline,THS_T,Thousand tonnes,ES,Spain,2014,2014
4646.632,A,Annual,GID_OBS,Gross inland deliveries - observed,O4652,Motor gasoline,THS_T,Thousand tonnes,ES,Spain,2015,2015
4755.144,A,Annual,GID_OBS,Gross inland deliveries - observed,O4652,Motor gasoline,THS_T,Thousand tonnes,ES,Spain,2016,2016
4864.0,A,Annual,GID_OBS,Gross inland deliveries - observed,O4652,Motor gasoline,THS_T,Thousand tonnes,ES,Spain,2017,2017
5088.239,A,Annual,GID_OBS,Gross inland deliveries - observed,O4652,Motor gasoline,THS_T,Thousand tonnes,ES,Spain,2018,2018
5375.169,A,Annual,GID_OBS,Gross inland deliveries - observed,O4652,Motor gasoline,THS_T,Thousand tonnes,ES,Spain,2019,2019
4243.175,A,Annual,GID_OBS,Gross inland deliveries - observed,O4652,Motor gasoline,THS_T,Thousand tonnes,ES,Spain,2020,2020
5243.265,A,Annual,GID_OBS,Gross inland deliveries - observed,O4652,Motor gasoline,THS_T,Thousand tonnes,ES,Spain,2021,2021
5750.639,A,Annual,GID_OBS,Gross inland deliveries - observed,O4652,Motor gasoline,THS_T,Thousand tonnes,ES,Spain,2022,2022
6063.507,A,Annual,GID_OBS,Gross inland deliveries - observed,O4652,Motor gasoline,THS_T,Thousand tonnes,ES,Spain,2023,2023
6517.3,A,Annual,GID_OBS,Gross inland deliveries - observed,O4652,Motor gasoline,THS_T,Thousand tonnes,ES,Spain,2024,2024
7023.985,A,Annual,GID_OBS,Gross inland deliveries - observed,O4652,Motor gasoline,THS_T,Thousand tonnes,ES,Spain,2025,2025
1808.0,A,Annual,GID_OBS,Gross inland deliveries - observed,O4652,Motor gasoline,THS_T,Thousand tonnes,PT,Portugal,2005,2005
1674.0,A,Annual,GID_OBS,Gross inland deliveries - observed,O4652,Motor gasoline,THS_T,Thousand tonnes,PT,Portugal,2006,2006
1589.0,A,Annual,GID_OBS,Gross inland deliveries - observed,O4652,Motor gasoline,THS_T,Thousand tonnes,PT,Portugal,2007,2007
1488.0,A,Annual,GID_OBS,Gross inland deliveries - observed,O4652,Motor gasoline,THS_T,Thousand tonnes,PT,Portugal,2008,2008
1462.0,A,Annual,GID_OBS,Gross inland deliveries - observed,O4652,Motor gasoline,THS_T,Thousand tonnes,PT,Portugal,2009,2009
1388.0,A,Annual,GID_OBS,Gross inland deliveries - observed,O4652,Motor gasoline,THS_T,Thousand tonnes,PT,Portugal,2010,2010
1248.0,A,Annual,GID_OBS,Gross inland deliveries - observed,O4652,Motor gasoline,THS_T,Thousand tonnes,PT,Portugal,2011,2011
1127.0,A,Annual,GID_OBS,Gross inland deliveries - observed,O4652,Motor gasoline,THS_T,Thousand tonnes,PT,Portugal,2012,2012
1100.0,A,Annual,GID_OBS,Gross inland deliveries - observed,O4652,Motor gasoline,THS_T,Thousand tonnes,PT,Portugal,2013,2013
1092.0,A,Annual,GID_OBS,Gross inland deliveries - observed,O4652,Motor gasoline,THS_T,Thousand tonnes,PT,Portugal,2014,2014
1080.0,A,Annual,GID_OBS,Gross inland deliveries - observed,O4652,Motor gasoline,THS_T,Thousand tonnes,PT,Portugal,2015,2015
1069.0,A,Annual,GID_OBS,Gross inland deliveries - observed,O4652,Motor gasoline,THS_T,Thousand tonnes,PT,Portugal,2016,2016
1032.265,A,Annual,GID_OBS,Gross inland deliveries - observed,O4652,Motor gasoline,THS_T,Thousand tonnes,PT,Portugal,2017,2017
1027.241,A,Annual,GID_OBS,Gross inland deliveries - observed,O4652,Motor gasoline,THS_T,Thousand tonnes,PT,Portugal,2018,2018
1067.33,A,Annual,GID_OBS,Gross inland deliveries - observed,O4652,Motor gasoline,THS_T,Thousand tonnes,PT,Portugal,2019,2019
883.055,A,Annual,GID_OBS,Gross inland deliveries - observed,O4652,Motor gasoline,THS_T,Thousand tonnes,PT,Portugal,2020,2020
975.759,A,Annual,GID_OBS,Gross inland deliveries - observed,O4652,Motor gasoline,THS_T,Thousand tonnes,PT,Portugal,2021,2021
1073.189,A,Annual,GID_OBS,Gross inland deliveries - observed,O4652,Motor gasoline,THS_T,Thousand tonnes,PT,Portugal,2022,2022
1192.692,A,Annual,GID_OBS,Gross inland deliveries - observed,O4652,Motor gasoline,THS_T,Thousand tonnes,PT,Portugal,2023,2023
1259.624,A,Annual,GID_OBS,Gross inland deliveries - observed,O4652,Motor gasoline,THS_T,Thousand tonnes,PT,Portugal,2024,2024
1342.174,A,Annual,GID_OBS,Gross inland deliveries - observed,O4652,Motor gasoline,THS_T,Thousand tonnes,PT,Portugal,2025,2025
33512.0,A,Annual,GID_OBS,Gross inland deliveries - observed,O4671,Gas oil and diesel oil,THS_T,Thousand tonnes,ES,Spain,2005,2005
34176.0,A,Annual,GID_OBS,Gross inland deliveries - observed,O4671,Gas oil and diesel oil,THS_T,Thousand tonnes,ES,Spain,2006,2006
35876.0,A,Annual,GID_OBS,Gross inland deliveries - observed,O4671,Gas oil and diesel oil,THS_T,Thousand tonnes,ES,Spain,2007,2007
33861.0,A,Annual,GID_OBS,Gross inland deliveries - observed,O4671,Gas oil and diesel oil,THS_T,Thousand tonnes,ES,Spain,2008,2008
31940.0,A,Annual,GID_OBS,Gross inland deliveries - observed,O4671,Gas oil and diesel oil,THS_T,Thousand tonnes,ES,Spain,2009,2009
31678.0,A,Annual,GID_OBS,Gross inland deliveries - observed,O4671,Gas oil and diesel oil,THS_T,Thousand tonnes,ES,Spain,2010,2010
29794.0,A,Annual,GID_OBS,Gross inland deliveries - observed,O4671,Gas oil and diesel oil,THS_T,Thousand tonnes,ES,Spain,2011,2011
27996.0,A,Annual,GID_OBS,Gross inland deliveries - observed,O4671,Gas oil and diesel oil,THS_T,Thousand tonnes,ES,Spain,2012,2012
27013.0,A,Annual,GID_OBS,Gross inland deliveries - observed,O4671,Gas oil and diesel oil,THS_T,Thousand tonnes,ES,Spain,2013,2013
27073.0,A,Annual,GID_OBS,Gross inland deliveries - observed,O4671,Gas oil and diesel oil,THS_T,Thousand tonnes,ES,Spain,2014,2014
28126.037,A,Annual,GID_OBS,Gross inland deliveries - observed,O4671,Gas oil and diesel oil,THS_T,Thousand tonnes,ES,Spain,2015,2015
28766.447,A,Annual,GID_OBS,Gross inland deliveries - observed,O4671,Gas oil and diesel oil,THS_T,Thousand tonnes,ES,Spain,2016,2016
29527.0,A,Annual,GID_OBS,Gross inland deliveries - observed,O4671,Gas oil and diesel oil,THS_T,Thousand tonnes,ES,Spain,2017,2017
30232.494,A,Annual,GID_OBS,Gross inland deliveries - observed,O4671,Gas oil and diesel oil,THS_T,Thousand tonnes,ES,Spain,2018,2018
29930.389,A,Annual,GID_OBS,Gross inland deliveries - observed,O4671,Gas oil and diesel oil,THS_T,Thousand tonnes,ES,Spain,2019,2019
26018.607,A,Annual,GID_OBS,Gross inland deliveries - observed,O4671,Gas oil and diesel oil,THS_T,Thousand tonnes,ES,Spain,2020,2020
28544.8,A,Annual,GID_OBS,Gross inland deliveries - observed,O4671,Gas oil and diesel oil,THS_T,Thousand tonnes,ES,Spain,2021,2021
28796.323,A,Annual,GID_OBS,Gross inland deliveries - observed,O4671,Gas oil and diesel oil,THS_T,Thousand tonnes,ES,Spain,2022,2022
27701.653,A,Annual,GID_OBS,Gross inland deliveries - observed,O4671,Gas oil and diesel oil,THS_T,Thousand tonnes,ES,Spain,2023,2023
27994.238,A,Annual,GID_OBS,Gross inland deliveries - observed,O4671,Gas oil and diesel oil,THS_T,Thousand tonnes,ES,Spain,2024,2024
28246.092,A,Annual,GID_OBS,Gross inland deliveries - observed,O4671,Gas oil and diesel oil,THS_T,Thousand tonnes,ES,Spain,2025,2025
5492.0,A,Annual,GID_OBS,Gross inland deliveries - observed,O4671,Gas oil and diesel oil,THS_T,Thousand tonnes,PT,Portugal,2005,2005
5324.0,A,Annual,GID_OBS,Gross inland deliveries - observed,O4671,Gas oil and diesel oil,THS_T,Thousand tonnes,PT,Portugal,2006,2006
5482.0,A,Annual,GID_OBS,Gross inland deliveries - observed,O4671,Gas oil and diesel oil,THS_T,Thousand tonnes,PT,Portugal,2007,2007
5372.0,A,Annual,GID_OBS,Gross inland deliveries - observed,O4671,Gas oil and diesel oil,THS_T,Thousand tonnes,PT,Portugal,2008,2008
5457.0,A,Annual,GID_OBS,Gross inland deliveries - observed,O4671,Gas oil and diesel oil,THS_T,Thousand tonnes,PT,Portugal,2009,2009
5506.0,A,Annual,GID_OBS,Gross inland deliveries - observed,O4671,Gas oil and diesel oil,THS_T,Thousand tonnes,PT,Portugal,2010,2010
5103.0,A,Annual,GID_OBS,Gross inland deliveries - observed,O4671,Gas oil and diesel oil,THS_T,Thousand tonnes,PT,Portugal,2011,2011
4641.0,A,Annual,GID_OBS,Gross inland deliveries - observed,O4671,Gas oil and diesel oil,THS_T,Thousand tonnes,PT,Portugal,2012,2012
4551.0,A,Annual,GID_OBS,Gross inland deliveries - observed,O4671,Gas oil and diesel oil,THS_T,Thousand tonnes,PT,Portugal,2013,2013
4640.0,A,Annual,GID_OBS,Gross inland deliveries - observed,O4671,Gas oil and diesel oil,THS_T,Thousand tonnes,PT,Portugal,2014,2014
4794.0,A,Annual,GID_OBS,Gross inland deliveries - observed,O4671,Gas oil and diesel oil,THS_T,Thousand tonnes,PT,Portugal,2015,2015
4830.0,A,Annual,GID_OBS,Gross inland deliveries - observed,O4671,Gas oil and diesel oil,THS_T,Thousand tonnes,PT,Portugal,2016,2016
4923.933,A,Annual,GID_OBS,Gross inland deliveries - observed,O4671,Gas oil and diesel oil,THS_T,Thousand tonnes,PT,Portugal,2017,2017
4980.945,A,Annual,GID_OBS,Gross inland deliveries - observed,O4671,Gas oil and diesel oil,THS_T,Thousand tonnes,PT,Portugal,2018,2018
5096.877,A,Annual,GID_OBS,Gross inland deliveries - observed,O4671,Gas oil and diesel oil,THS_T,Thousand tonnes,PT,Portugal,2019,2019
4441.438,A,Annual,GID_OBS,Gross inland deliveries - observed,O4671,Gas oil and diesel oil,THS_T,Thousand tonnes,PT,Portugal,2020,2020
4780.213,A,Annual,GID_OBS,Gross inland deliveries - observed,O4671,Gas oil and diesel oil,THS_T,Thousand tonnes,PT,Portugal,2021,2021
4942.212,A,Annual,GID_OBS,Gross inland deliveries - observed,O4671,Gas oil and diesel oil,THS_T,Thousand tonnes,PT,Portugal,2022,2022
5141.595,A,Annual,GID_OBS,Gross inland deliveries - observed,O4671,Gas oil and diesel oil,THS_T,Thousand tonnes,PT,Portugal,2023,2023
5016.635,A,Annual,GID_OBS,Gross inland deliveries - observed,O4671,Gas oil and diesel oil,THS_T,Thousand tonnes,PT,Portugal,2024,2024
4954.744,A,Annual,GID_OBS,Gross inland deliveries - observed,O4671,Gas oil and diesel oil,THS_T,Thousand tonnes,PT,Portugal,2025,2025
10152.0,A,Annual,TO_RPI_RO,Transformation output - refineries and petrochemical industry - refinery output,O4652,Motor gasoline,THS_T,Thousand tonnes,ES,Spain,2005,2005
10038.0,A,Annual,TO_RPI_RO,Transformation output - refineries and petrochemical industry - refinery output,O4652,Motor gasoline,THS_T,Thousand tonnes,ES,Spain,2006,2006
9232.0,A,Annual,TO_RPI_RO,Transformation output - refineries and petrochemical industry - refinery output,O4652,Motor gasoline,THS_T,Thousand tonnes,ES,Spain,2007,2007
8729.0,A,Annual,TO_RPI_RO,Transformation output - refineries and petrochemical industry - refinery output,O4652,Motor gasoline,THS_T,Thousand tonnes,ES,Spain,2008,2008
8973.0,A,Annual,TO_RPI_RO,Transformation output - refineries and petrochemical industry - refinery output,O4652,Motor gasoline,THS_T,Thousand tonnes,ES,Spain,2009,2009
8013.0,A,Annual,TO_RPI_RO,Transformation output - refineries and petrochemical industry - refinery output,O4652,Motor gasoline,THS_T,Thousand tonnes,ES,Spain,2010,2010
7471.0,A,Annual,TO_RPI_RO,Transformation output - refineries and petrochemical industry - refinery output,O4652,Motor gasoline,THS_T,Thousand tonnes,ES,Spain,2011,2011
7231.0,A,Annual,TO_RPI_RO,Transformation output - refineries and petrochemical industry - refinery output,O4652,Motor gasoline,THS_T,Thousand tonnes,ES,Spain,2012,2012
7471.0,A,Annual,TO_RPI_RO,Transformation output - refineries and petrochemical industry - refinery output,O4652,Motor gasoline,THS_T,Thousand tonnes,ES,Spain,2013,2013
7275.0,A,Annual,TO_RPI_RO,Transformation output - refineries and petrochemical industry - refinery output,O4652,Motor gasoline,THS_T,Thousand tonnes,ES,Spain,2014,2014
9105.0,A,Annual,TO_RPI_RO,Transformation output - refineries and petrochemical industry - refinery output,O4652,Motor gasoline,THS_T,Thousand tonnes,ES,Spain,2015,2015
9555.0,A,Annual,TO_RPI_RO,Transformation output - refineries and petrochemical industry - refinery output,O4652,Motor gasoline,THS_T,Thousand tonnes,ES,Spain,2016,2016
9101.0,A,Annual,TO_RPI_RO,Transformation output - refineries and petrochemical industry - refinery output,O4652,Motor gasoline,THS_T,Thousand tonnes,ES,Spain,2017,2017
9211.0,A,Annual,TO_RPI_RO,Transformation output - refineries and petrochemical industry - refinery output,O4652,Motor gasoline,THS_T,Thousand tonnes,ES,Spain,2018,2018
9087.0,A,Annual,TO_RPI_RO,Transformation output - refineries and petrochemical industry - refinery output,O4652,Motor gasoline,THS_T,Thousand tonnes,ES,Spain,2019,2019
7822.0,A,Annual,TO_RPI_RO,Transformation output - refineries and petrochemical industry - refinery output,O4652,Motor gasoline,THS_T,Thousand tonnes,ES,Spain,2020,2020
9667.858,A,Annual,TO_RPI_RO,Transformation output - refineries and petrochemical industry - refinery output,O4652,Motor gasoline,THS_T,Thousand tonnes,ES,Spain,2021,2021
9878.613,A,Annual,TO_RPI_RO,Transformation output - refineries and petrochemical industry - refinery output,O4652,Motor gasoline,THS_T,Thousand tonnes,ES,Spain,2022,2022
9692.597,A,Annual,TO_RPI_RO,Transformation output - refineries and petrochemical industry - refinery output,O4652,Motor gasoline,THS_T,Thousand tonnes,ES,Spain,2023,2023
9760.987,A,Annual,TO_RPI_RO,Transformation output - refineries and petrochemical industry - refinery output,O4652,Motor gasoline,THS_T,Thousand tonnes,ES,Spain,2024,2024
9633.531,A,Annual,TO_RPI_RO,Transformation output - refineries and petrochemical industry - refinery output,O4652,Motor gasoline,THS_T,Thousand tonnes,ES,Spain,2025,2025
2466.0,A,Annual,TO_RPI_RO,Transformation output - refineries and petrochemical industry - refinery output,O4652,Motor gasoline,THS_T,Thousand tonnes,PT,Portugal,2005,2005
2750.0,A,Annual,TO_RPI_RO,Transformation output - refineries and petrochemical industry - refinery output,O4652,Motor gasoline,THS_T,Thousand tonnes,PT,Portugal,2006,2006
2591.0,A,Annual,TO_RPI_RO,Transformation output - refineries and petrochemical industry - refinery output,O4652,Motor gasoline,THS_T,Thousand tonnes,PT,Portugal,2007,2007
2091.0,A,Annual,TO_RPI_RO,Transformation output - refineries and petrochemical industry - refinery output,O4652,Motor gasoline,THS_T,Thousand tonnes,PT,Portugal,2008,2008
2056.0,A,Annual,TO_RPI_RO,Transformation output - refineries and petrochemical industry - refinery output,O4652,Motor gasoline,THS_T,Thousand tonnes,PT,Portugal,2009,2009
2218.0,A,Annual,TO_RPI_RO,Transformation output - refineries and petrochemical industry - refinery output,O4652,Motor gasoline,THS_T,Thousand tonnes,PT,Portugal,2010,2010
1875.0,A,Annual,TO_RPI_RO,Transformation output - refineries and petrochemical industry - refinery output,O4652,Motor gasoline,THS_T,Thousand tonnes,PT,Portugal,2011,2011
1864.0,A,Annual,TO_RPI_RO,Transformation output - refineries and petrochemical industry - refinery output,O4652,Motor gasoline,THS_T,Thousand tonnes,PT,Portugal,2012,2012
2338.0,A,Annual,TO_RPI_RO,Transformation output - refineries and petrochemical industry - refinery output,O4652,Motor gasoline,THS_T,Thousand tonnes,PT,Portugal,2013,2013
1924.0,A,Annual,TO_RPI_RO,Transformation output - refineries and petrochemical industry - refinery output,O4652,Motor gasoline,THS_T,Thousand tonnes,PT,Portugal,2014,2014
2694.0,A,Annual,TO_RPI_RO,Transformation output - refineries and petrochemical industry - refinery output,O4652,Motor gasoline,THS_T,Thousand tonnes,PT,Portugal,2015,2015
2619.0,A,Annual,TO_RPI_RO,Transformation output - refineries and petrochemical industry - refinery output,O4652,Motor gasoline,THS_T,Thousand tonnes,PT,Portugal,2016,2016
2748.512,A,Annual,TO_RPI_RO,Transformation output - refineries and petrochemical industry - refinery output,O4652,Motor gasoline,THS_T,Thousand tonnes,PT,Portugal,2017,2017
2501.064,A,Annual,TO_RPI_RO,Transformation output - refineries and petrochemical industry - refinery output,O4652,Motor gasoline,THS_T,Thousand tonnes,PT,Portugal,2018,2018
2401.214,A,Annual,TO_RPI_RO,Transformation output - refineries and petrochemical industry - refinery output,O4652,Motor gasoline,THS_T,Thousand tonnes,PT,Portugal,2019,2019
1956.074,A,Annual,TO_RPI_RO,Transformation output - refineries and petrochemical industry - refinery output,O4652,Motor gasoline,THS_T,Thousand tonnes,PT,Portugal,2020,2020
2146.288,A,Annual,TO_RPI_RO,Transformation output - refineries and petrochemical industry - refinery output,O4652,Motor gasoline,THS_T,Thousand tonnes,PT,Portugal,2021,2021
2246.725,A,Annual,TO_RPI_RO,Transformation output - refineries and petrochemical industry - refinery output,O4652,Motor gasoline,THS_T,Thousand tonnes,PT,Portugal,2022,2022
2063.427,A,Annual,TO_RPI_RO,Transformation output - refineries and petrochemical industry - refinery output,O4652,Motor gasoline,THS_T,Thousand tonnes,PT,Portugal,2023,2023
2659.882,A,Annual,TO_RPI_RO,Transformation output - refineries and petrochemical industry - refinery output,O4652,Motor gasoline,THS_T,Thousand tonnes,PT,Portugal,2024,2024
2048.514,A,Annual,TO_RPI_RO,Transformation output - refineries and petrochemical industry - refinery output,O4652,Motor gasoline,THS_T,Thousand tonnes,PT,Portugal,2025,2025
23457.0,A,Annual,TO_RPI_RO,Transformation output - refineries and petrochemical industry - refinery output,O4671,Gas oil and diesel oil,THS_T,Thousand tonnes,ES,Spain,2005,2005
23844.0,A,Annual,TO_RPI_RO,Transformation output - refineries and petrochemical industry - refinery output,O4671,Gas oil and diesel oil,THS_T,Thousand tonnes,ES,Spain,2006,2006
23933.0,A,Annual,TO_RPI_RO,Transformation output - refineries and petrochemical industry - refinery output,O4671,Gas oil and diesel oil,THS_T,Thousand tonnes,ES,Spain,2007,2007
24792.0,A,Annual,TO_RPI_RO,Transformation output - refineries and petrochemical industry - refinery output,O4671,Gas oil and diesel oil,THS_T,Thousand tonnes,ES,Spain,2008,2008
22390.0,A,Annual,TO_RPI_RO,Transformation output - refineries and petrochemical industry - refinery output,O4671,Gas oil and diesel oil,THS_T,Thousand tonnes,ES,Spain,2009,2009
22900.0,A,Annual,TO_RPI_RO,Transformation output - refineries and petrochemical industry - refinery output,O4671,Gas oil and diesel oil,THS_T,Thousand tonnes,ES,Spain,2010,2010
23644.0,A,Annual,TO_RPI_RO,Transformation output - refineries and petrochemical industry - refinery output,O4671,Gas oil and diesel oil,THS_T,Thousand tonnes,ES,Spain,2011,2011
26490.0,A,Annual,TO_RPI_RO,Transformation output - refineries and petrochemical industry - refinery output,O4671,Gas oil and diesel oil,THS_T,Thousand tonnes,ES,Spain,2012,2012
26783.0,A,Annual,TO_RPI_RO,Transformation output - refineries and petrochemical industry - refinery output,O4671,Gas oil and diesel oil,THS_T,Thousand tonnes,ES,Spain,2013,2013
27110.0,A,Annual,TO_RPI_RO,Transformation output - refineries and petrochemical industry - refinery output,O4671,Gas oil and diesel oil,THS_T,Thousand tonnes,ES,Spain,2014,2014
27467.0,A,Annual,TO_RPI_RO,Transformation output - refineries and petrochemical industry - refinery output,O4671,Gas oil and diesel oil,THS_T,Thousand tonnes,ES,Spain,2015,2015
26644.0,A,Annual,TO_RPI_RO,Transformation output - refineries and petrochemical industry - refinery output,O4671,Gas oil and diesel oil,THS_T,Thousand tonnes,ES,Spain,2016,2016
27143.0,A,Annual,TO_RPI_RO,Transformation output - refineries and petrochemical industry - refinery output,O4671,Gas oil and diesel oil,THS_T,Thousand tonnes,ES,Spain,2017,2017
27167.0,A,Annual,TO_RPI_RO,Transformation output - refineries and petrochemical industry - refinery output,O4671,Gas oil and diesel oil,THS_T,Thousand tonnes,ES,Spain,2018,2018
27005.0,A,Annual,TO_RPI_RO,Transformation output - refineries and petrochemical industry - refinery output,O4671,Gas oil and diesel oil,THS_T,Thousand tonnes,ES,Spain,2019,2019
24240.0,A,Annual,TO_RPI_RO,Transformation output - refineries and petrochemical industry - refinery output,O4671,Gas oil and diesel oil,THS_T,Thousand tonnes,ES,Spain,2020,2020
24186.382,A,Annual,TO_RPI_RO,Transformation output - refineries and petrochemical industry - refinery output,O4671,Gas oil and diesel oil,THS_T,Thousand tonnes,ES,Spain,2021,2021
26023.29,A,Annual,TO_RPI_RO,Transformation output - refineries and petrochemical industry - refinery output,O4671,Gas oil and diesel oil,THS_T,Thousand tonnes,ES,Spain,2022,2022
25578.744,A,Annual,TO_RPI_RO,Transformation output - refineries and petrochemical industry - refinery output,O4671,Gas oil and diesel oil,THS_T,Thousand tonnes,ES,Spain,2023,2023
25139.501,A,Annual,TO_RPI_RO,Transformation output - refineries and petrochemical industry - refinery output,O4671,Gas oil and diesel oil,THS_T,Thousand tonnes,ES,Spain,2024,2024
24954.694,A,Annual,TO_RPI_RO,Transformation output - refineries and petrochemical industry - refinery output,O4671,Gas oil and diesel oil,THS_T,Thousand tonnes,ES,Spain,2025,2025
4906.0,A,Annual,TO_RPI_RO,Transformation output - refineries and petrochemical industry - refinery output,O4671,Gas oil and diesel oil,THS_T,Thousand tonnes,PT,Portugal,2005,2005
5102.0,A,Annual,TO_RPI_RO,Transformation output - refineries and petrochemical industry - refinery output,O4671,Gas oil and diesel oil,THS_T,Thousand tonnes,PT,Portugal,2006,2006
4634.0,A,Annual,TO_RPI_RO,Transformation output - refineries and petrochemical industry - refinery output,O4671,Gas oil and diesel oil,THS_T,Thousand tonnes,PT,Portugal,2007,2007
4478.0,A,Annual,TO_RPI_RO,Transformation output - refineries and petrochemical industry - refinery output,O4671,Gas oil and diesel oil,THS_T,Thousand tonnes,PT,Portugal,2008,2008
3810.0,A,Annual,TO_RPI_RO,Transformation output - refineries and petrochemical industry - refinery output,O4671,Gas oil and diesel oil,THS_T,Thousand tonnes,PT,Portugal,2009,2009
3917.0,A,Annual,TO_RPI_RO,Transformation output - refineries and petrochemical industry - refinery output,O4671,Gas oil and diesel oil,THS_T,Thousand tonnes,PT,Portugal,2010,2010
3576.0,A,Annual,TO_RPI_RO,Transformation output - refineries and petrochemical industry - refinery output,O4671,Gas oil and diesel oil,THS_T,Thousand tonnes,PT,Portugal,2011,2011
3872.0,A,Annual,TO_RPI_RO,Transformation output - refineries and petrochemical industry - refinery output,O4671,Gas oil and diesel oil,THS_T,Thousand tonnes,PT,Portugal,2012,2012
5399.0,A,Annual,TO_RPI_RO,Transformation output - refineries and petrochemical industry - refinery output,O4671,Gas oil and diesel oil,THS_T,Thousand tonnes,PT,Portugal,2013,2013
4865.0,A,Annual,TO_RPI_RO,Transformation output - refineries and petrochemical industry - refinery output,O4671,Gas oil and diesel oil,THS_T,Thousand tonnes,PT,Portugal,2014,2014
6104.0,A,Annual,TO_RPI_RO,Transformation output - refineries and petrochemical industry - refinery output,O4671,Gas oil and diesel oil,THS_T,Thousand tonnes,PT,Portugal,2015,2015
5695.0,A,Annual,TO_RPI_RO,Transformation output - refineries and petrochemical industry - refinery output,O4671,Gas oil and diesel oil,THS_T,Thousand tonnes,PT,Portugal,2016,2016
5934.611,A,Annual,TO_RPI_RO,Transformation output - refineries and petrochemical industry - refinery output,O4671,Gas oil and diesel oil,THS_T,Thousand tonnes,PT,Portugal,2017,2017
5223.634,A,Annual,TO_RPI_RO,Transformation output - refineries and petrochemical industry - refinery output,O4671,Gas oil and diesel oil,THS_T,Thousand tonnes,PT,Portugal,2018,2018
4613.943,A,Annual,TO_RPI_RO,Transformation output - refineries and petrochemical industry - refinery output,O4671,Gas oil and diesel oil,THS_T,Thousand tonnes,PT,Portugal,2019,2019
4783.257,A,Annual,TO_RPI_RO,Transformation output - refineries and petrochemical industry - refinery output,O4671,Gas oil and diesel oil,THS_T,Thousand tonnes,PT,Portugal,2020,2020
4360.995,A,Annual,TO_RPI_RO,Transformation output - refineries and petrochemical industry - refinery output,O4671,Gas oil and diesel oil,THS_T,Thousand tonnes,PT,Portugal,2021,2021
4285.346,A,Annual,TO_RPI_RO,Transformation output - refineries and petrochemical industry - refinery output,O4671,Gas oil and diesel oil,THS_T,Thousand tonnes,PT,Portugal,2022,2022
3487.259,A,Annual,TO_RPI_RO,Transformation output - refineries and petrochemical industry - refinery output,O4671,Gas oil and diesel oil,THS_T,Thousand tonnes,PT,Portugal,2023,2023
4291.379,A,Annual,TO_RPI_RO,Transformation output - refineries and petrochemical industry - refinery output,O4671,Gas oil and diesel oil,THS_T,Thousand tonnes,PT,Portugal,2024,2024
3568.729,A,Annual,TO_RPI_RO,Transformation output - refineries and petrochemical industry - refinery output,O4671,Gas oil and diesel oil,THS_T,Thousand tonnes,PT,Portugal,2025,2025
