product,outcome,event_year,specification,covariance,interpretation,term,estimate,std_error,p_value,ci_low,ci_high,ci_level,nobs
diesel,exports_kt,2013,single event,HAC(1),associational interrupted trend,const,528.4782608695665,182.73900805730983,0.0038281761935658205,170.31638650666446,886.6401352324685,0.95,34
diesel,exports_kt,2013,single event,HAC(1),associational interrupted trend,trend,-21.49407114624518,11.151378152613187,0.05391969543647918,-43.35037070335383,0.36222841086346946,0.95,34
diesel,exports_kt,2013,single event,HAC(1),associational interrupted trend,post,2005.5451458545529,299.8979566821813,2.2713127278500575e-11,1417.7559517203242,2593.3343399887817,0.95,34
diesel,exports_kt,2013,single event,HAC(1),associational interrupted trend,post_trend,-117.0951611635011,34.970705601052295,0.0008128589362472492,-185.63648465551674,-48.55383767148547,0.95,34
diesel,exports_kt,2022,single event,HAC(1),associational interrupted trend,const,59.32969758064501,223.63995234157403,0.7907851904412504,-378.9965545130942,497.65594967438426,0.95,34
diesel,exports_kt,2022,single event,HAC(1),associational interrupted trend,trend,37.9393879032258,15.007836009967628,0.011472352947829022,8.524569837805942,67.35420596864566,0.95,34
diesel,exports_kt,2022,single event,HAC(1),associational interrupted trend,post,-781.6941104838701,342.5245690056714,0.02248019894443502,-1453.0299295550906,-110.35829141264958,0.95,34
diesel,exports_kt,2022,single event,HAC(1),associational interrupted trend,post_trend,15.04661209677488,93.7164846558659,0.8724442199673138,-168.63432258642288,198.72754677997264,0.95,34
diesel,exports_kt,2022,controlling for 2013,HAC(1),associational interrupted trend,const,528.4782608695656,182.7390080573098,0.0038281761935658716,170.3163865066636,886.6401352324676,0.95,34
diesel,exports_kt,2022,controlling for 2013,HAC(1),associational interrupted trend,trend,-21.494071146245094,11.151378152613187,0.05391969543648009,-43.35037070335375,0.36222841086355473,0.95,34
diesel,exports_kt,2022,controlling for 2013,HAC(1),associational interrupted trend,post,-569.9507380952384,323.26264470392573,0.0778803028097822,-1203.5338792621005,63.632403071623685,0.95,34
diesel,exports_kt,2022,controlling for 2013,HAC(1),associational interrupted trend,post_trend,150.05104761904735,108.42235282939556,0.1663739560954416,-62.45285904566239,362.55495428375707,0.95,34
diesel,exports_kt,2022,controlling for 2013,HAC(1),associational interrupted trend,post_2013,1901.1175421607381,300.53894920296693,2.520963345261482e-10,1312.0720257714102,2490.163058550066,0.95,34
diesel,exports_kt,2022,controlling for 2013,HAC(1),associational interrupted trend,post_trend_2013,-75.57097647280239,55.17341304359429,0.17078083684382417,-183.70887894239962,32.566925996794865,0.95,34
diesel,net_import_to_demand_ratio,2013,single event,HAC(1),associational interrupted trend,const,-0.10920683480706204,0.07829852394939077,0.1630913626339443,-0.2626691217905148,0.04425545217639075,0.95,34
diesel,net_import_to_demand_ratio,2013,single event,HAC(1),associational interrupted trend,trend,0.015300700622312985,0.0048219850303996125,0.0015081411140805828,0.0058497836287384666,0.024751617615887504,0.95,34
diesel,net_import_to_demand_ratio,2013,single event,HAC(1),associational interrupted trend,post,-0.5397897893375053,0.06714141339151562,9.013568656550359e-16,-0.6713845414559912,-0.4081950372190194,0.95,34
diesel,net_import_to_demand_ratio,2013,single event,HAC(1),associational interrupted trend,post_trend,0.02862015635532293,0.008455423005331347,0.0007122275163983068,0.012047831790822066,0.045192480919823794,0.95,34
diesel,net_import_to_demand_ratio,2022,single event,HAC(1),associational interrupted trend,const,0.02016310264150855,0.07409514361501096,0.7855263050118841,-0.12506071027323587,0.16538691555625298,0.95,34
diesel,net_import_to_demand_ratio,2022,single event,HAC(1),associational interrupted trend,trend,-0.001061615747628988,0.00432656619553583,0.8061688461243347,-0.009541529667607697,0.00741829817234972,0.95,34
diesel,net_import_to_demand_ratio,2022,single event,HAC(1),associational interrupted trend,post,0.2007197591307956,0.09294254275168647,0.030802778286469816,0.018555722705915878,0.3828837955556753,0.95,34
diesel,net_import_to_demand_ratio,2022,single event,HAC(1),associational interrupted trend,post_trend,-0.016703110700115098,0.0333218640557846,0.6161840741235741,-0.08201276414719269,0.048606542746962494,0.95,34
diesel,net_import_to_demand_ratio,2022,controlling for 2013,HAC(1),associational interrupted trend,const,-0.10920683480706178,0.07829852394939073,0.16309136263394508,-0.2626691217905145,0.04425545217639093,0.95,34
diesel,net_import_to_demand_ratio,2022,controlling for 2013,HAC(1),associational interrupted trend,trend,0.015300700622312959,0.0048219850303996125,0.0015081411140806093,0.0058497836287384405,0.024751617615887476,0.95,34
diesel,net_import_to_demand_ratio,2022,controlling for 2013,HAC(1),associational interrupted trend,post,0.15167343753177964,0.07306481674039371,0.03790549942941054,0.008469028183588745,0.29487784687997054,0.95,34
diesel,net_import_to_demand_ratio,2022,controlling for 2013,HAC(1),associational interrupted trend,post_trend,-0.05207874826989493,0.036092503345883375,0.14904181150104884,-0.12281875493971775,0.01866125839992789,0.95,34
diesel,net_import_to_demand_ratio,2022,controlling for 2013,HAC(1),associational interrupted trend,post_2013,-0.516297755589099,0.06463186364207603,1.368286887356602e-15,-0.6429738805812717,-0.38962163059692617,0.95,34
diesel,net_import_to_demand_ratio,2022,controlling for 2013,HAC(1),associational interrupted trend,post_trend_2013,0.019013321199838125,0.011977149243293704,0.11240706599310554,-0.004461459954478695,0.04248810235415494,0.95,34
gasoline,exports_kt,2013,single event,HAC(1),associational interrupted trend,const,353.17391304347854,99.18206208313242,0.0003696353918045241,158.7806434481233,547.5671826388337,0.95,34
gasoline,exports_kt,2013,single event,HAC(1),associational interrupted trend,trend,30.73517786561264,6.822801434691311,6.64436462933169e-06,17.36273277994946,44.10762295127582,0.95,34
gasoline,exports_kt,2013,single event,HAC(1),associational interrupted trend,post,411.11602007947386,198.7530043467847,0.038595190297171136,21.567289740643048,800.6647504183047,0.95,34
gasoline,exports_kt,2013,single event,HAC(1),associational interrupted trend,post_trend,-22.41016518203452,24.235874531134076,0.35513803816624057,-69.91160639688889,25.09127603281984,0.95,34
gasoline,exports_kt,2022,single event,HAC(1),associational interrupted trend,const,247.12930443548342,88.27588982026658,0.0051180108930615024,74.11173968453494,420.1468691864319,0.95,34
gasoline,exports_kt,2022,single event,HAC(1),associational interrupted trend,trend,43.91399475806453,5.931225391101516,1.3227645105963653e-13,32.28900660731607,55.538982908813,0.95,34
gasoline,exports_kt,2022,single event,HAC(1),associational interrupted trend,post,-270.8924700268813,174.49976567121777,0.12056786750657202,-612.905726053147,71.1207859993844,0.95,34
gasoline,exports_kt,2022,single event,HAC(1),associational interrupted trend,post_trend,69.27600524193588,84.58325207670903,0.41277075256723916,-96.50412252368656,235.05613300755832,0.95,34
gasoline,exports_kt,2022,controlling for 2013,HAC(1),associational interrupted trend,const,353.17391304347825,99.18206208313231,0.0003696353918045235,158.78064344812324,547.5671826388333,0.95,34
gasoline,exports_kt,2022,controlling for 2013,HAC(1),associational interrupted trend,trend,30.735177865612652,6.8228014346913035,6.644364629331493e-06,17.36273277994949,44.107622951275815,0.95,34
gasoline,exports_kt,2022,controlling for 2013,HAC(1),associational interrupted trend,post,-312.2286785714291,311.6346785112266,0.3163889567390361,-923.0214247871515,298.56406764429335,0.95,34
gasoline,exports_kt,2022,controlling for 2013,HAC(1),associational interrupted trend,post_trend,82.10611904761902,85.94297136770562,0.3393977811093625,-86.33900955744107,250.5512476526791,0.95,34
gasoline,exports_kt,2022,controlling for 2013,HAC(1),associational interrupted trend,post_2013,353.87541271409714,211.74862290290082,0.09468114136364657,-61.144261951541694,768.895087379736,0.95,34
gasoline,exports_kt,2022,controlling for 2013,HAC(1),associational interrupted trend,post_trend_2013,0.3487030867685092,45.006973649208156,0.9938182463034229,-87.86334431882273,88.56075049235974,0.95,34
gasoline,net_import_to_demand_ratio,2013,single event,HAC(1),associational interrupted trend,const,-0.12362235570113539,0.05820546378748443,0.03367883522897238,-0.23770296842805522,-0.009541742974215575,0.95,34
gasoline,net_import_to_demand_ratio,2013,single event,HAC(1),associational interrupted trend,trend,-0.021034160417624247,0.003765905002399368,2.3313633996124092e-08,-0.028415198591526233,-0.013653122243722261,0.95,34
gasoline,net_import_to_demand_ratio,2013,single event,HAC(1),associational interrupted trend,post,-0.7131417154893838,0.21402143083480937,0.0008619196757912926,-1.1326160118453403,-0.2936674191334272,0.95,34
gasoline,net_import_to_demand_ratio,2013,single event,HAC(1),associational interrupted trend,post_trend,0.03806970127958613,0.0269286613083253,0.1574428848548055,-0.014709505036608707,0.09084890759578096,0.95,34
gasoline,net_import_to_demand_ratio,2022,single event,HAC(1),associational interrupted trend,const,0.06827161072991794,0.08480642421258894,0.42080308224584295,-0.09794592638438199,0.23448914784421787,0.95,34
gasoline,net_import_to_demand_ratio,2022,single event,HAC(1),associational interrupted trend,trend,-0.0446018746263307,0.006341529017346654,2.0170534856125012e-12,-0.05703104310724583,-0.03217270614541558,0.95,34
gasoline,net_import_to_demand_ratio,2022,single event,HAC(1),associational interrupted trend,post,0.3071520346979685,0.18369711275743764,0.09451309192795396,-0.05288769037060259,0.6671917597665395,0.95,34
gasoline,net_import_to_demand_ratio,2022,single event,HAC(1),associational interrupted trend,post_trend,0.06994121826450073,0.09397038410767991,0.45670104280840573,-0.11423735019994696,0.2541197867289484,0.95,34
gasoline,net_import_to_demand_ratio,2022,controlling for 2013,HAC(1),associational interrupted trend,const,-0.12362235570113485,0.058205463787484035,0.033678835228971984,-0.23770296842805388,-0.009541742974215811,0.95,34
gasoline,net_import_to_demand_ratio,2022,controlling for 2013,HAC(1),associational interrupted trend,trend,-0.021034160417624282,0.0037659050023993346,2.331363399611629e-08,-0.028415198591526206,-0.01365312224372236,0.95,34
gasoline,net_import_to_demand_ratio,2022,controlling for 2013,HAC(1),associational interrupted trend,post,0.47982489028317654,0.2793526628616064,0.08586387907594668,-0.06769626791093197,1.027346048477285,0.95,34
gasoline,net_import_to_demand_ratio,2022,controlling for 2013,HAC(1),associational interrupted trend,post_trend,0.0661301359416181,0.09495442152813889,0.4861528019010566,-0.11997711042636888,0.2522373823096051,0.95,34
gasoline,net_import_to_demand_ratio,2022,controlling for 2013,HAC(1),associational interrupted trend,post_2013,-0.5571360568603497,0.18213138561780334,0.0022209282742608476,-0.9141070131256206,-0.2001651005950788,0.95,34
gasoline,net_import_to_demand_ratio,2022,controlling for 2013,HAC(1),associational interrupted trend,post_trend_2013,-0.019756631885823533,0.038482990431583916,0.6076812756850811,-0.09518190714912753,0.05566864337748045,0.95,34
