product,outcome,specification,term,estimate,std_error,p_value,ci_low,ci_high,n_obs,r2_adj
diesel,imports_kt,no 2013 control,const,68.3899237323132,8.932413355467423,1.9125182624638495e-14,50.88271526057248,85.89713220405393,276,0.14196748976775186
diesel,imports_kt,no 2013 control,trend,0.026499316432020095,0.0391228717273525,0.49819300566606584,-0.050180103125371134,0.10317873598941132,276,0.14196748976775186
diesel,imports_kt,no 2013 control,matosinhos_transition,40.342245637539946,23.1507213009376,0.08140502997348792,-5.032334328422017,85.71682560350192,276,0.14196748976775186
diesel,imports_kt,no 2013 control,matosinhos_transition_trend,3.268548254782667,6.155720661423118,0.5954344737796156,-8.796442540495724,15.333539050061058,276,0.14196748976775186
diesel,imports_kt,no 2013 control,energy_stress_2022,25.429709958795314,10.493580653889577,0.01537773432276667,4.862669808305473,45.99675010928516,276,0.14196748976775186
diesel,imports_kt,no 2013 control,energy_stress_2022_trend,1.6286316925121738,2.346768485220313,0.4876890596954492,-2.9709500185732574,6.228213403597605,276,0.14196748976775186
diesel,imports_kt,no 2013 control,post_stress,56.73804693398323,15.392568217085978,0.0002277458827515173,26.5691675989188,86.90692626904766,276,0.14196748976775186
diesel,imports_kt,no 2013 control,post_stress_trend,-1.6155746728820075,0.8668713788191948,0.062366036189415844,-3.3146113545962073,0.08346200883219224,276,0.14196748976775186
diesel,imports_kt,no 2013 control,month_2,12.92839638317588,11.332615256901684,0.2539476917942637,-9.283121371000554,35.139914137352314,276,0.14196748976775186
diesel,imports_kt,no 2013 control,month_3,9.317576167507022,10.381913121075682,0.3694619787927582,-11.03059964042514,29.665751975439186,276,0.14196748976775186
diesel,imports_kt,no 2013 control,month_4,1.8824906620860133,10.79105726410035,0.8615124979959645,-19.267592930660005,23.03257425483203,276,0.14196748976775186
diesel,imports_kt,no 2013 control,month_5,-5.176170740619468,8.149768065486498,0.5253429483764376,-21.149422631327674,10.797081150088736,276,0.14196748976775186
diesel,imports_kt,no 2013 control,month_6,-4.8403235614658655,9.307588609160254,0.6030353080076127,-23.082862018335216,13.402214895403485,276,0.14196748976775186
diesel,imports_kt,no 2013 control,month_7,-9.504476382312285,8.604705079364107,0.2693471003434814,-26.369388435454802,7.360435670830233,276,0.14196748976775186
diesel,imports_kt,no 2013 control,month_8,2.65745775336309,9.457708120933896,0.7787232318228058,-15.879309539959337,21.194225046685517,276,0.14196748976775186
diesel,imports_kt,no 2013 control,month_9,5.645478845560146,10.74810227643295,0.5994069451949604,-15.420414518401405,26.711372209521695,276,0.14196748976775186
diesel,imports_kt,no 2013 control,month_10,22.15523906819196,11.416750130848202,0.05230794366925934,-0.221180008763465,44.53165814514739,276,0.14196748976775186
diesel,imports_kt,no 2013 control,month_11,11.925868856041262,13.121318830936712,0.3634068497410541,-13.7914434822619,37.64318119434442,276,0.14196748976775186
diesel,imports_kt,no 2013 control,month_12,0.1312812525861773,8.07975104270252,0.9870363981203121,-15.70473979516071,15.967302300333065,276,0.14196748976775186
diesel,imports_kt,2013 held constant,const,54.210061100589556,8.006919015446263,1.2842498610484174e-11,38.51678820318597,69.90333399799314,276,0.20914038350103303
diesel,imports_kt,2013 held constant,trend,0.3455706973988807,0.11697847452655043,0.0031354254214869142,0.11629710036040569,0.5748442944373557,276,0.20914038350103303
diesel,imports_kt,2013 held constant,control_2013,-47.65081607803053,11.498890857416878,3.4137584947502045e-05,-70.18822802072451,-25.11340413533655,276,0.20914038350103303
diesel,imports_kt,2013 held constant,control_2013_trend,-0.04216223319313625,0.14984273254891714,0.778421591668623,-0.3358485923340815,0.25152412594780904,276,0.20914038350103303
diesel,imports_kt,2013 held constant,matosinhos_transition,33.80278562664462,23.731774434662395,0.15433990490932162,-12.710637554522073,80.31620880781131,276,0.20914038350103303
diesel,imports_kt,2013 held constant,matosinhos_transition_trend,2.977134054536555,6.238412429117034,0.6332010338781066,-9.249929627239865,15.204197736312974,276,0.20914038350103303
diesel,imports_kt,2013 held constant,energy_stress_2022,15.084379023979116,11.463033539440614,0.18820253714633273,-7.382753866899188,37.55151191485742,276,0.20914038350103303
diesel,imports_kt,2013 held constant,energy_stress_2022_trend,1.589719511196672,2.3083890102772777,0.4910306179539252,-2.9346398112548524,6.114078833648197,276,0.20914038350103303
diesel,imports_kt,2013 held constant,post_stress,43.80802620494485,16.57710697135317,0.00822521875983961,11.31749357322478,76.29855883666492,276,0.20914038350103303
diesel,imports_kt,2013 held constant,post_stress_trend,-1.834805955338305,0.8748393502179989,0.035966482211517305,-3.549459574024006,-0.12015233665260405,276,0.20914038350103303
diesel,imports_kt,2013 held constant,month_2,12.663056461490626,11.016515626516862,0.2503658872694826,-8.928917401605133,34.255030324586386,276,0.20914038350103303
diesel,imports_kt,2013 held constant,month_3,8.825667146808831,10.107041536089152,0.38254337313242903,-10.983770254176294,28.635104547793958,276,0.20914038350103303
diesel,imports_kt,2013 held constant,month_4,1.1142633710531413,10.37730414193055,0.9144914610358028,-19.224879003749066,21.45340574585535,276,0.20914038350103303
diesel,imports_kt,2013 held constant,month_5,-5.936391953686853,7.608768420380067,0.4352707775635867,-20.849304024337503,8.976520116963798,276,0.20914038350103303
diesel,imports_kt,2013 held constant,month_6,-5.864192862248345,9.089353912208292,0.5188159985947174,-23.67899917291484,11.95061344841815,276,0.20914038350103303
diesel,imports_kt,2013 held constant,month_7,-10.791993770809793,7.981916091246483,0.1763575526570802,-26.436261837273623,4.852274295654038,276,0.20914038350103303
diesel,imports_kt,2013 held constant,month_8,1.1062922771505015,9.285323932790465,0.9051611318850621,-17.092608215906623,19.305192770207626,276,0.20914038350103303
diesel,imports_kt,2013 held constant,month_9,3.8306652816324176,10.213899124344543,0.7076274743840811,-16.188209143808084,23.849539707072918,276,0.20914038350103303
diesel,imports_kt,2013 held constant,month_10,20.076777416549206,10.562800568538432,0.057340544639640494,-0.6259312736653264,40.77948610676374,276,0.20914038350103303
diesel,imports_kt,2013 held constant,month_11,9.583759116683355,12.837436007614242,0.45533659103566804,-15.57715311207822,34.74467134544493,276,0.20914038350103303
diesel,imports_kt,2013 held constant,month_12,-2.474476574486715,8.289566283850883,0.7653177981853777,-18.72172793829198,13.77277478931855,276,0.20914038350103303
diesel,exports_kt,no 2013 control,const,-14.392745681684566,11.586231926530395,0.21415232528498207,-37.101342974212265,8.315851610843133,276,0.40262723515830356
diesel,exports_kt,no 2013 control,trend,0.770245361074462,0.0854259642905848,1.9414974505636456e-19,0.602813547720311,0.9376771744286129,276,0.40262723515830356
diesel,exports_kt,no 2013 control,matosinhos_transition,-39.7852597187012,19.867500570258322,0.04522779343143116,-78.72484529923649,-0.8456741381659043,276,0.40262723515830356
diesel,exports_kt,no 2013 control,matosinhos_transition_trend,-12.545520025252475,2.4810058235191517,4.267376338021522e-07,-17.40820208478415,-7.682837965720801,276,0.40262723515830356
diesel,exports_kt,no 2013 control,energy_stress_2022,-125.18766981600223,21.47520470787489,5.562528894245258e-09,-167.27829760406203,-83.09704202794242,276,0.40262723515830356
diesel,exports_kt,no 2013 control,energy_stress_2022_trend,-2.718498128590636,2.711019269709916,0.31597730542202906,-8.03199825861615,2.595002001434878,276,0.40262723515830356
diesel,exports_kt,no 2013 control,post_stress,-147.6646046704058,20.162325557697557,2.410668241147026e-13,-187.18203660806446,-108.14717273274712,276,0.40262723515830356
diesel,exports_kt,no 2013 control,post_stress_trend,0.920571976517232,1.1773474936517532,0.43427136257101007,-1.3869867083287042,3.228130661363168,276,0.40262723515830356
diesel,exports_kt,no 2013 control,month_2,-6.348315966630331,13.127938734464818,0.6286889809912941,-32.07860307742971,19.38197114416905,276,0.40262723515830356
diesel,exports_kt,no 2013 control,month_3,-17.13370976609623,12.052751445820311,0.15515401366662648,-40.7566685145171,6.489248982324643,276,0.40262723515830356
diesel,exports_kt,no 2013 control,month_4,-7.431026684755253,14.204164295655337,0.6008640858546037,-35.27067713472945,20.40862376521895,276,0.40262723515830356
diesel,exports_kt,no 2013 control,month_5,-2.128984485209746,16.174338511278165,0.8952790922118437,-33.830105441074146,29.57213647065465,276,0.40262723515830356
diesel,exports_kt,no 2013 control,month_6,7.901764684185693,17.2670406348077,0.6472245753937026,-25.941013079627027,41.74454244799841,276,0.40262723515830356
diesel,exports_kt,no 2013 control,month_7,-13.371833972505733,13.961203973746496,0.338171104168983,-40.73529094186635,13.991622996854886,276,0.40262723515830356
diesel,exports_kt,no 2013 control,month_8,-16.819345672675496,14.901336350775804,0.259018537880948,-46.025428241713584,12.386736896362596,276,0.40262723515830356
diesel,exports_kt,no 2013 control,month_9,-19.614683459801743,14.964733318568378,0.18994993535006077,-48.94502180244233,9.715654882838841,276,0.40262723515830356
diesel,exports_kt,no 2013 control,month_10,-16.757847333884463,14.782147547090497,0.25693952376547324,-45.730324140338936,12.214629472570014,276,0.40262723515830356
diesel,exports_kt,no 2013 control,month_11,-15.422750338402059,14.10979376940638,0.274370594593352,-43.07743795572622,12.231937278922098,276,0.40262723515830356
diesel,exports_kt,no 2013 control,month_12,-2.739827255963135,10.103473877541813,0.7862550905295617,-22.542272174686335,17.062617662760065,276,0.40262723515830356
diesel,exports_kt,2013 held constant,const,11.939616902443394,8.254273580633148,0.1480434579659422,-4.238462034138049,28.117695839024837,276,0.5872215910087231
diesel,exports_kt,2013 held constant,trend,0.09578065725979987,0.058303708306657015,0.10042671548287545,-0.018492511186376667,0.21005382570597642,276,0.5872215910087231
diesel,exports_kt,2013 held constant,control_2013,137.09055783508018,19.838321991276796,4.8332035636750966e-12,98.20816121846872,175.97295445169163,276,0.5872215910087231
diesel,exports_kt,2013 held constant,control_2013_trend,-0.49668991907539506,0.3616952572930151,0.1696815942928993,-1.205599596748653,0.2122197585978629,276,0.5872215910087231
diesel,exports_kt,2013 held constant,matosinhos_transition,-0.2422491695341007,24.558954872161756,0.9921298060573239,-48.376916216915625,47.89241787784743,276,0.5872215910087231
diesel,exports_kt,2013 held constant,matosinhos_transition_trend,-11.41325971294236,2.185608816096925,1.7699638711953933e-07,-15.696974276785559,-7.12954514909916,276,0.5872215910087231
diesel,exports_kt,2013 held constant,energy_stress_2022,-71.65345179461093,27.29275469447555,0.008655604263018956,-125.1462680346695,-18.160635554552364,276,0.5872215910087231
diesel,exports_kt,2013 held constant,energy_stress_2022_trend,-2.1589057567861634,2.485725574291664,0.38510898408581007,-7.030838357847967,2.7130268442756407,276,0.5872215910087231
diesel,exports_kt,2013 held constant,post_stress,-82.96083037797904,29.882004625026138,0.0054984727740891165,-141.5284832288896,-24.39317752706848,276,0.5872215910087231
diesel,exports_kt,2013 held constant,post_stress_trend,1.946703776569117,1.263491578730321,0.12338166499880968,-0.5296942125119661,4.4231017656502,276,0.5872215910087231
diesel,exports_kt,2013 held constant,month_2,-5.553166257750632,13.15326139380279,0.6728868488472585,-31.333084868845212,20.226752353343947,276,0.5872215910087231
diesel,exports_kt,2013 held constant,month_3,-15.659436624386164,11.752575406660444,0.182720254708562,-38.69406114703182,7.375187898259487,276,0.5872215910087231
diesel,exports_kt,2013 held constant,month_4,-5.136705228056513,12.842093526122838,0.6891640979308806,-30.306746025352265,20.033335569239238,276,0.5872215910087231
diesel,exports_kt,2013 held constant,month_5,-0.7338760417473746,13.888036455940846,0.9578575435248053,-27.953927311370727,26.486175227875975,276,0.5872215910087231
diesel,exports_kt,2013 held constant,month_6,10.067692733405721,13.913886709612775,0.46932880578173386,-17.203024102405838,37.338409569217276,276,0.5872215910087231
diesel,exports_kt,2013 held constant,month_7,-10.435086317528217,11.378953415649184,0.3591156531230062,-32.73742519395965,11.867252558903214,276,0.5872215910087231
diesel,exports_kt,2013 held constant,month_8,-13.111778411940328,11.405396903610049,0.2503038122189932,-35.46594557240067,9.242388748520018,276,0.5872215910087231
diesel,exports_kt,2013 held constant,month_9,-15.136296593309003,13.493272223064624,0.26196186454282067,-41.58262418411038,11.31003099749237,276,0.5872215910087231
diesel,exports_kt,2013 held constant,month_10,-11.508640861634234,13.255023002033328,0.3852588444594789,-37.48800855986954,14.470726836601077,276,0.5872215910087231
diesel,exports_kt,2013 held constant,month_11,-9.402724260394184,12.691336956674107,0.4587678019719519,-34.27728761113761,15.471839090349242,276,0.5872215910087231
diesel,exports_kt,2013 held constant,month_12,4.051018427802433,9.283512518236954,0.6625704839653351,-14.14433175796874,22.246368613573605,276,0.5872215910087231
diesel,demand_kt,no 2013 control,const,452.06783153233494,7.017453855032216,0.0,438.31387471330004,465.82178835136983,276,0.48894405107136696
diesel,demand_kt,no 2013 control,trend,-0.3868099189265562,0.046504596710933106,8.970888269070022e-17,-0.477957253595545,-0.2956625842575674,276,0.48894405107136696
diesel,demand_kt,no 2013 control,matosinhos_transition,11.473318456006051,11.152044321501613,0.30356965207152276,-10.384286768131535,33.33092368014364,276,0.48894405107136696
diesel,demand_kt,no 2013 control,matosinhos_transition_trend,3.3613106636876404,2.368262834985308,0.15580723807087998,-1.2803991988082881,8.003020526183569,276,0.48894405107136696
diesel,demand_kt,no 2013 control,energy_stress_2022,37.05125064147551,16.091324228854333,0.02130357297350324,5.5128346893642615,68.58966659358677,276,0.48894405107136696
diesel,demand_kt,no 2013 control,energy_stress_2022_trend,0.5190947957762388,2.374833901511333,0.8269760522896484,-4.135494120450716,5.173683712003193,276,0.48894405107136696
diesel,demand_kt,no 2013 control,post_stress,56.2489920539972,11.449851677405443,8.985846866682747e-07,33.807695137957005,78.69028897003739,276,0.48894405107136696
diesel,demand_kt,no 2013 control,post_stress_trend,-1.1722499380145488,0.5704971053193387,0.03989959891586514,-2.290403717724807,-0.05409615830429071,276,0.48894405107136696
diesel,demand_kt,no 2013 control,month_2,-15.874790550102489,4.778541080464861,0.0008934271991214965,-25.240558966458735,-6.509022133746244,276,0.48894405107136696
diesel,demand_kt,no 2013 control,month_3,21.730209093335326,8.715954103822996,0.012661419383179847,4.647252958938168,38.81316522773248,276,0.48894405107136696
diesel,demand_kt,no 2013 control,month_4,9.196384450533856,9.77396482585638,0.34675291187646207,-9.960234594305952,28.353003495373663,276,0.48894405107136696
diesel,demand_kt,no 2013 control,month_5,36.55502422268849,8.074537641253531,5.9771157018688415e-06,20.72922125401857,52.38082719135841,276,0.48894405107136696
diesel,demand_kt,no 2013 control,month_6,13.048968681465567,8.248016713168097,0.11363279206475449,-3.1168470202283345,29.21478438315947,276,0.48894405107136696
diesel,demand_kt,no 2013 control,month_7,47.67334792285152,7.728566289636207,6.895851976571121e-10,32.52563634303419,62.821059502668845,276,0.48894405107136696
diesel,demand_kt,no 2013 control,month_8,43.080335859889885,8.270347175428121,1.89849061506231e-07,26.870753256408204,59.28991846337156,276,0.48894405107136696
diesel,demand_kt,no 2013 control,month_9,21.530802057797487,7.418146046461411,0.0037025561152666136,6.9915029746749315,36.070101140920045,276,0.48894405107136696
diesel,demand_kt,no 2013 control,month_10,36.98126825570478,6.9547419448720955,1.0525023612580595e-07,23.350224521985417,50.612311989424136,276,0.48894405107136696
diesel,demand_kt,no 2013 control,month_11,18.562169236221614,7.2835274603146996,0.010818304954772064,4.286717733596316,32.83762073884691,276,0.48894405107136696
diesel,demand_kt,no 2013 control,month_12,28.577852825433354,6.901891601410446,3.464247122839127e-05,15.050393861469402,42.105311789397305,276,0.48894405107136696
diesel,demand_kt,2013 held constant,const,451.4420164561676,8.354768740739855,0.0,435.06697062515644,467.81706228717877,276,0.5235275627327851
diesel,demand_kt,2013 held constant,trend,-0.32392993473904536,0.1195991441440557,0.006759551591824833,-0.558339949843209,-0.08951991963488168,276,0.5235275627327851
diesel,demand_kt,2013 held constant,control_2013,-31.046659611154702,12.51459790322629,0.013107482254422221,-55.57482078247871,-6.518498439830697,276,0.5235275627327851
diesel,demand_kt,2013 held constant,control_2013_trend,0.3405585321305503,0.24227100547956687,0.15981545897938165,-0.13428391310770682,0.8154009773688075,276,0.5235275627327851
diesel,demand_kt,2013 held constant,matosinhos_transition,-5.132155071446387,16.277246276121907,0.7525367151766518,-37.03497154013404,26.770661397241263,276,0.5235275627327851
diesel,demand_kt,2013 held constant,matosinhos_transition_trend,2.996435796842002,2.3884794708071304,0.2096468970736367,-1.6848979437532607,7.677769537437265,276,0.5235275627327851
diesel,demand_kt,2013 held constant,energy_stress_2022,16.15461851605548,21.922953893999974,0.46119443283320727,-26.813581550916602,59.12281858302756,276,0.5235275627327851
diesel,demand_kt,2013 held constant,energy_stress_2022_trend,0.22715882958807487,2.3468869457569723,0.9228919330490162,-4.372655059882798,4.826972719058948,276,0.5235275627327851
diesel,demand_kt,2013 held constant,post_stress,31.444951219247187,20.002164436877532,0.11593259561275408,-7.7585706898806635,70.64847312837503,276,0.5235275627327851
diesel,demand_kt,2013 held constant,post_stress_trend,-1.5505643732872982,0.5892112984419601,0.008498558488631099,-2.7053972975176213,-0.3957314490569752,276,0.5235275627327851
diesel,demand_kt,2013 held constant,month_2,-16.066592214644686,4.455522150909285,0.00031095868889264514,-24.799255162747322,-7.333929266542052,276,0.5235275627327851
diesel,demand_kt,2013 held constant,month_3,21.374536630751106,8.352496209866018,0.010495570880424267,5.003944878406404,37.7451283830958,276,0.5235275627327851
diesel,demand_kt,2013 held constant,month_4,8.645739066855924,9.583786616553091,0.3669923783665102,-10.138137537105116,27.429615670816965,276,0.5235275627327851
diesel,demand_kt,2013 held constant,month_5,36.531383027806314,7.54909944318244,1.303818373271605e-06,21.735420003457357,51.32734605215527,276,0.5235275627327851
diesel,demand_kt,2013 held constant,month_6,12.846218690135743,7.4590147190388985,0.08502592586976594,-1.7731815193346492,27.465618899606135,276,0.5235275627327851
diesel,demand_kt,2013 held constant,month_7,47.29148913507328,6.989008000257569,1.3188725099760038e-11,33.593285166906135,60.98969310324042,276,0.5235275627327851
diesel,demand_kt,2013 held constant,month_8,42.519368275663396,7.754062824729757,4.170029901440742e-08,27.321684405332157,57.717052145994636,276,0.5235275627327851
diesel,demand_kt,2013 held constant,month_9,20.790725677123014,6.722908003869278,0.001984650371761608,7.614068118163162,33.96738323608287,276,0.5235275627327851
diesel,demand_kt,2013 held constant,month_10,36.0620830785827,6.461370855395331,2.388902764424369e-08,23.398028911251092,48.726137245914316,276,0.5235275627327851
diesel,demand_kt,2013 held constant,month_11,17.463875262650927,6.9183977264575525,0.011594020587340761,3.904064888070332,31.023685637231523,276,0.5235275627327851
diesel,demand_kt,2013 held constant,month_12,27.30045005541473,6.775024043881741,5.587839857981583e-05,14.021646935013601,40.57925317581586,276,0.5235275627327851
diesel,refinery_output_kt,no 2013 control,const,391.949004982808,19.33553037018325,2.3227003656181025e-91,354.05206183526843,429.84594813034755,276,0.21626394586019004
diesel,refinery_output_kt,no 2013 control,trend,0.2508521783308166,0.10440831585353225,0.016278659574653728,0.04621563957141103,0.4554887170902221,276,0.21626394586019004
diesel,refinery_output_kt,no 2013 control,matosinhos_transition,-102.88822776311535,36.529170950478964,0.004853424906441584,-174.4840872111609,-31.292368315069808,276,0.21626394586019004
diesel,refinery_output_kt,no 2013 control,matosinhos_transition_trend,-4.036492448058988,6.8035922187542335,0.5529881501263013,-17.371288162314244,9.298303266196266,276,0.21626394586019004
diesel,refinery_output_kt,no 2013 control,energy_stress_2022,-148.24633413710598,23.412769976097437,2.4222641793897774e-10,-194.13452006857764,-102.35814820563431,276,0.21626394586019004
diesel,refinery_output_kt,no 2013 control,energy_stress_2022_trend,5.1570577360965215,3.5115631434344112,0.14194316172283394,-1.7254795544731847,12.039595026666227,276,0.21626394586019004
diesel,refinery_output_kt,no 2013 control,post_stress,-168.45235613410821,25.619592521320985,4.8608066939573974e-11,-218.66583477448907,-118.23887749372736,276,0.21626394586019004
diesel,refinery_output_kt,no 2013 control,post_stress_trend,2.72254596657102,1.1861834437072463,0.02172080917382855,0.39766913784712266,5.047422795294917,276,0.21626394586019004
diesel,refinery_output_kt,no 2013 control,month_2,-68.92079128637829,17.590012579406558,8.922100278079899e-05,-103.39658242962165,-34.44500014313494,276,0.21626394586019004
diesel,refinery_output_kt,no 2013 control,month_3,-31.53753118608628,20.2573784626573,0.11950807791091025,-71.24126339409196,8.166201021919395,276,0.21626394586019004
diesel,refinery_output_kt,no 2013 control,month_4,4.402827519529296,22.25272484180404,0.8431579979225006,-39.21171172828639,48.01736676734498,276,0.21626394586019004
diesel,refinery_output_kt,no 2013 control,month_5,-7.4008038721113065,26.302543838943283,0.7784249602986735,-58.95284249822603,44.151234754003426,276,0.21626394586019004
diesel,refinery_output_kt,no 2013 control,month_6,7.758532766028338,20.516160134550894,0.7053066095894028,-32.45240219874784,47.96946773080452,276,0.21626394586019004
diesel,refinery_output_kt,no 2013 control,month_7,16.8743911432986,18.754657244778038,0.3682564788970881,-19.884061598859557,53.63284388545675,276,0.21626394586019004
diesel,refinery_output_kt,no 2013 control,month_8,24.29459734665562,19.397751302562313,0.21040811969284656,-13.724296587431432,62.313491280742674,276,0.21626394586019004
diesel,refinery_output_kt,no 2013 control,month_9,-4.502587754335224,23.77913668444938,0.8498182386939915,-51.1088392393112,42.103663730640754,276,0.21626394586019004
diesel,refinery_output_kt,no 2013 control,month_10,-44.473685898804035,24.039703419855506,0.0643121432299281,-91.5906388007452,2.643267003137126,276,0.21626394586019004
diesel,refinery_output_kt,no 2013 control,month_11,-23.575218825881937,21.64073405376468,0.2759815410223264,-65.9902781702702,18.839840518506325,276,0.21626394586019004
diesel,refinery_output_kt,no 2013 control,month_12,16.71455259486629,19.581926535396715,0.3933430727275924,-21.66531816242047,55.09442335215305,276,0.21626394586019004
diesel,refinery_output_kt,2013 held constant,const,435.4152904668563,16.857319051032214,4.141045555143281e-147,402.37555225093223,468.4550286827803,276,0.40459643136773304
diesel,refinery_output_kt,2013 held constant,trend,-0.7640611919039526,0.14255531528080254,8.33360928824758e-08,-1.043464475659078,-0.4846579081488272,276,0.40459643136773304
diesel,refinery_output_kt,2013 held constant,control_2013,167.92162571863838,23.767610736093072,1.604478996348378e-12,121.33796467732844,214.50528675994832,276,0.40459643136773304
diesel,refinery_output_kt,2013 held constant,control_2013_trend,-0.12931528568699502,0.4071328284810465,0.7507699279843245,-0.9272809664337693,0.6686503950597793,276,0.40459643136773304
diesel,refinery_output_kt,2013 held constant,matosinhos_transition,-70.52177523236357,40.77464857094456,0.08371078571499183,-150.4386179136925,9.39506744896535,276,0.40459643136773304
diesel,refinery_output_kt,2013 held constant,matosinhos_transition_trend,-2.877403095928774,6.94112354335176,0.6784755417434154,-16.48175525314127,10.72694906128372,276,0.40459643136773304
diesel,refinery_output_kt,2013 held constant,energy_stress_2022,-101.10016380592495,28.209306917557885,0.00033846363493002636,-156.389389393175,-45.810938218674885,276,0.40459643136773304
diesel,refinery_output_kt,2013 held constant,energy_stress_2022_trend,5.495478491759849,3.1621983293518907,0.0822343425793718,-0.7023163457425845,11.693273329262283,276,0.40459643136773304
diesel,refinery_output_kt,2013 held constant,post_stress,-110.51888894253409,34.2288313739356,0.0012430015475867122,-177.6061656683425,-43.43161221672567,276,0.40459643136773304
diesel,refinery_output_kt,2013 held constant,post_stress_trend,3.6729227840001943,1.272174088576708,0.003887824910571016,1.1795073883247778,6.166338179675611,276,0.40459643136773304
diesel,refinery_output_kt,2013 held constant,month_2,-67.97144572304478,16.82291868205343,5.33584222231034e-05,-100.94376045471554,-34.999130991374024,276,0.40459643136773304
diesel,refinery_output_kt,2013 held constant,month_3,-29.777484593294645,19.003962178558048,0.1171358994708483,-67.02456602682976,7.46959684024047,276,0.40459643136773304
diesel,refinery_output_kt,2013 held constant,month_4,7.1479009189777685,21.024987809846508,0.733877837498428,-34.06031796371506,48.356119801670594,276,0.40459643136773304
diesel,refinery_output_kt,2013 held constant,month_5,-5.077940732559583,23.86074144441746,0.831470706319858,-51.84413460804003,41.688253142920864,276,0.40459643136773304
diesel,refinery_output_kt,2013 held constant,month_6,11.016027523014372,17.26793973708705,0.5235082879643331,-22.828512448884297,44.86056749491304,276,0.40459643136773304
diesel,refinery_output_kt,2013 held constant,month_7,21.06651751771841,15.687538142724373,0.17931008418392602,-9.68049224811973,51.81352728355655,276,0.40459643136773304
diesel,refinery_output_kt,2013 held constant,month_8,29.42135533851001,17.191068139874478,0.08700127384580512,-4.272519071417946,63.11522974843797,276,0.40459643136773304
diesel,refinery_output_kt,2013 held constant,month_9,1.5588018549535239,21.606267444146816,0.9424858631103685,-40.788704175914525,43.90630788582157,276,0.40459643136773304
diesel,refinery_output_kt,2013 held constant,month_10,-37.477664672081175,21.14452314376466,0.07631945968164906,-78.92016850413354,3.9648391599711914,276,0.40459643136773304
diesel,refinery_output_kt,2013 held constant,month_11,-15.644565981724641,20.929457432910805,0.45476766834355975,-56.66554876619395,25.37641680274467,276,0.40459643136773304
diesel,refinery_output_kt,2013 held constant,month_12,25.57983705645796,18.47744583758768,0.1662416230114564,-10.635291311503423,61.794965424419345,276,0.40459643136773304
diesel,net_imports_kt,no 2013 control,const,82.78266941399777,16.854996396514924,9.03999424669079e-07,49.74748351727612,115.81785531071941,276,0.30090126922994387
diesel,net_imports_kt,no 2013 control,trend,-0.743746044642442,0.10249128757599485,3.967190684912713e-13,-0.9446252770205295,-0.5428668122643545,276,0.30090126922994387
diesel,net_imports_kt,no 2013 control,matosinhos_transition,80.12750535624117,31.95099327934582,0.012147675204938868,17.50470925844205,142.7503014540403,276,0.30090126922994387
diesel,net_imports_kt,no 2013 control,matosinhos_transition_trend,15.814068280035142,7.202846885304302,0.028125582857108172,1.696747798682205,29.931388761388078,276,0.30090126922994387
diesel,net_imports_kt,no 2013 control,energy_stress_2022,150.61737977479754,21.69892154287767,3.88678418471241e-12,108.088275047397,193.14648450219806,276,0.30090126922994387
diesel,net_imports_kt,no 2013 control,energy_stress_2022_trend,4.347129821102811,2.945921248342644,0.14003959543372005,-1.426769726940047,10.12102936914567,276,0.30090126922994387
diesel,net_imports_kt,no 2013 control,post_stress,204.402651604389,27.405506652655752,8.754500472304222e-14,150.68884558711088,258.1164576216671,276,0.30090126922994387
diesel,net_imports_kt,no 2013 control,post_stress_trend,-2.5361466493992397,1.456823427888414,0.08170559232060388,-5.391468099894716,0.3191748010962363,276,0.30090126922994387
diesel,net_imports_kt,no 2013 control,month_2,19.27671234980622,19.182241472624074,0.314933007079085,-18.319790079287532,56.87321477889998,276,0.30090126922994387
diesel,net_imports_kt,no 2013 control,month_3,26.451285933603256,17.19236149267993,0.12391450342763745,-7.24512340124269,60.1476952684492,276,0.30090126922994387
diesel,net_imports_kt,no 2013 control,month_4,9.313517346841262,19.833453358204835,0.6386506372932592,-29.5593369242952,48.18637161797773,276,0.30090126922994387
diesel,net_imports_kt,no 2013 control,month_5,-3.047186255409716,20.031862204329126,0.8790946769517847,-42.30891471916394,36.21454220834451,276,0.30090126922994387
diesel,net_imports_kt,no 2013 control,month_6,-12.742088245651601,22.325846476276222,0.5681809218117138,-56.49994326352347,31.015766772220267,276,0.30090126922994387
diesel,net_imports_kt,no 2013 control,month_7,3.8673575901934374,17.46131037327727,0.8247175229987802,-30.35618186430566,38.09089704469253,276,0.30090126922994387
diesel,net_imports_kt,no 2013 control,month_8,19.4768034260386,18.651725781101202,0.296376217341061,-17.079907354436962,56.03351420651416,276,0.30090126922994387
diesel,net_imports_kt,no 2013 control,month_9,25.26016230536189,20.60218494253793,0.22016427218032308,-15.11937818484586,65.63970279556965,276,0.30090126922994387
diesel,net_imports_kt,no 2013 control,month_10,38.913086402076544,20.962103802073983,0.06340310893176114,-2.171882090178599,79.99805489433169,276,0.30090126922994387
diesel,net_imports_kt,no 2013 control,month_11,27.34861919444332,22.744404322308156,0.22919586332431308,-17.2295941270978,71.92683251598444,276,0.30090126922994387
diesel,net_imports_kt,no 2013 control,month_12,2.8711085085493053,13.869706639025422,0.836005396997154,-24.3130169800766,30.05523399717521,276,0.30090126922994387
diesel,net_imports_kt,2013 held constant,const,42.27044419814618,12.295066393638503,0.0005860266535384936,18.172556879085946,66.36833151720641,276,0.515832635375489
diesel,net_imports_kt,2013 held constant,trend,0.24979004013908077,0.1538589958755321,0.10448261842711905,-0.05176805047445884,0.5513481307526203,276,0.515832635375489
diesel,net_imports_kt,2013 held constant,control_2013,-184.74137391311078,25.023629082775212,1.551379388926556e-13,-233.78678567783925,-135.6959621483823,276,0.515832635375489
diesel,net_imports_kt,2013 held constant,control_2013_trend,0.45452768588225884,0.425375596733244,0.28528034003910685,-0.37919316361713323,1.2882485353816508,276,0.515832635375489
diesel,net_imports_kt,2013 held constant,matosinhos_transition,34.04503479617871,35.817029366671775,0.3418448062276531,-36.15505279571143,104.24512238806885,276,0.515832635375489
diesel,net_imports_kt,2013 held constant,matosinhos_transition_trend,14.390393767478912,7.332399092652772,0.0496954095818672,0.01915562560530759,28.761631909352516,276,0.515832635375489
diesel,net_imports_kt,2013 held constant,energy_stress_2022,86.73783081859003,28.503566364183023,0.002341919649127004,30.871867313844007,142.60379432333605,276,0.515832635375489
diesel,net_imports_kt,2013 held constant,energy_stress_2022_trend,3.748625267982838,2.5151319653582793,0.13611150884455228,-1.1809428004848326,8.678193336450509,276,0.515832635375489
diesel,net_imports_kt,2013 held constant,post_stress,126.76885658292389,37.39565333013501,0.000699090440100656,53.474722877513926,200.06299028833385,276,0.515832635375489
diesel,net_imports_kt,2013 held constant,post_stress_trend,-3.7815097319074233,1.5537784310654748,0.014943272921670908,-6.826859496750905,-0.7361599670639416,276,0.515832635375489
diesel,net_imports_kt,2013 held constant,month_2,18.21622271924127,18.516556672633865,0.32522357299365745,-18.075561476815924,54.508006915298466,276,0.515832635375489
diesel,net_imports_kt,2013 held constant,month_3,24.485103771195014,16.272415318804065,0.13240121612462544,-7.408244195138813,56.37845173752884,276,0.515832635375489
diesel,net_imports_kt,2013 held constant,month_4,6.250968599109713,17.72697447768599,0.7243698370935651,-28.49326293201556,40.995200130234984,276,0.515832635375489
diesel,net_imports_kt,2013 held constant,month_5,-5.202515911939481,16.360508509006237,0.7504907692738997,-37.2685233583528,26.86349153447384,276,0.515832635375489
diesel,net_imports_kt,2013 held constant,month_6,-15.931885595654064,18.22643000404972,0.38205892382900797,-51.65503197033175,19.791260779023617,276,0.515832635375489
diesel,net_imports_kt,2013 held constant,month_7,-0.3569074532816241,13.25231609800257,0.9785142066190154,-26.330969717107045,25.617154810543795,276,0.515832635375489
diesel,net_imports_kt,2013 held constant,month_8,14.218070689090776,14.268455967329487,0.3190224363652834,-13.747589121870636,42.18373050005219,276,0.515832635375489
diesel,net_imports_kt,2013 held constant,month_9,18.96696187494142,17.848414359339287,0.2879319507809649,-16.015287450511124,53.94921120039396,276,0.515832635375489
diesel,net_imports_kt,2013 held constant,month_10,31.58541827818336,17.412270271929092,0.06968161620434138,-2.5420043438751136,65.71284090024184,276,0.515832635375489
diesel,net_imports_kt,2013 held constant,month_11,18.98648337707752,20.81122851474522,0.3616007093104223,-21.80277498585611,59.77574174001115,276,0.515832635375489
diesel,net_imports_kt,2013 held constant,month_12,-6.525495002289161,13.058639132509182,0.6172813156247703,-32.11995738911253,19.068967384534208,276,0.515832635375489
diesel,net_import_to_demand_ratio,no 2013 control,const,0.18329941759659546,0.041385890692106464,9.465715533198254e-06,0.10218456237195533,0.2644142728212356,276,0.2930749703074127
diesel,net_import_to_demand_ratio,no 2013 control,trend,-0.00176774838552072,0.000257624896749683,6.803913448469568e-12,-0.0022726839046709486,-0.0012628128663704913,276,0.2930749703074127
diesel,net_import_to_demand_ratio,no 2013 control,matosinhos_transition,0.19233810474436366,0.0711351027102733,0.006854279584233495,0.05291586539567039,0.33176034409305694,276,0.2930749703074127
diesel,net_import_to_demand_ratio,no 2013 control,matosinhos_transition_trend,0.03818367529011438,0.015158309679248508,0.01176910115065136,0.008473934252282402,0.06789341632794635,276,0.2930749703074127
diesel,net_import_to_demand_ratio,no 2013 control,energy_stress_2022,0.36579164845325673,0.05507839895008199,3.10948462325884e-11,0.2578399701849673,0.4737433267215462,276,0.2930749703074127
diesel,net_import_to_demand_ratio,no 2013 control,energy_stress_2022_trend,0.009797426303858242,0.007156555053871302,0.17099480074757,-0.004229163855107616,0.023824016462824102,276,0.2930749703074127
diesel,net_import_to_demand_ratio,no 2013 control,post_stress,0.49510298053410917,0.06714012432515593,1.6536670046748467e-13,0.363510754939262,0.6266952061289564,276,0.2930749703074127
diesel,net_import_to_demand_ratio,no 2013 control,post_stress_trend,-0.005731110378324001,0.003450349221573076,0.09670877143557914,-0.01249367058669304,0.001031449830045039,276,0.2930749703074127
diesel,net_import_to_demand_ratio,no 2013 control,month_2,0.04612790175012939,0.05116595323269586,0.3673038906875624,-0.05415552382061525,0.14641132732087403,276,0.2930749703074127
diesel,net_import_to_demand_ratio,no 2013 control,month_3,0.061374099017948276,0.04255904456222958,0.14927614770311262,-0.022040095540456932,0.14478829357635348,276,0.2930749703074127
diesel,net_import_to_demand_ratio,no 2013 control,month_4,0.023694397900489043,0.04955019484672868,0.6325151197012173,-0.07342219942604136,0.12081099522701944,276,0.2930749703074127
diesel,net_import_to_demand_ratio,no 2013 control,month_5,0.0008481439371981758,0.04943079944278896,0.9863104024814625,-0.09603444269769076,0.09773073057208712,276,0.2930749703074127
diesel,net_import_to_demand_ratio,no 2013 control,month_6,-0.027223091793502734,0.05595857201972033,0.6266222499843005,-0.13689987757844538,0.0824536939914399,276,0.2930749703074127
diesel,net_import_to_demand_ratio,no 2013 control,month_7,0.013302389515814545,0.043168906017219184,0.7579701155377663,-0.07130711152992948,0.09791189056155856,276,0.2930749703074127
diesel,net_import_to_demand_ratio,no 2013 control,month_8,0.049112396937958866,0.04515513157692698,0.2767553400510442,-0.03939003466998535,0.13761482854590307,276,0.2930749703074127
diesel,net_import_to_demand_ratio,no 2013 control,month_9,0.0668355110808801,0.05081823294473505,0.1884468531881739,-0.03276639524876747,0.16643741741052764,276,0.2930749703074127
diesel,net_import_to_demand_ratio,no 2013 control,month_10,0.0952094044041217,0.05107117758052965,0.06228671031929594,-0.004888264301765866,0.19530707311000928,276,0.2930749703074127
diesel,net_import_to_demand_ratio,no 2013 control,month_11,0.06886908513356688,0.05498792084631641,0.21040948883940447,-0.03890525930995253,0.17664342957708629,276,0.2930749703074127
diesel,net_import_to_demand_ratio,no 2013 control,month_12,0.008036251848921865,0.03326179647828123,0.8090854200849995,-0.05715567130961056,0.0732281750074543,276,0.2930749703074127
diesel,net_import_to_demand_ratio,2013 held constant,const,0.08395749432207232,0.029653966754584298,0.004636792653737756,0.025836787484338986,0.14207820115980566,276,0.4981977455349378
diesel,net_import_to_demand_ratio,2013 held constant,trend,0.0006431317965197255,0.0003499867252883141,0.06612297408245965,-4.2829580112483854e-05,0.001329093173151935,276,0.4981977455349378
diesel,net_import_to_demand_ratio,2013 held constant,control_2013,-0.4379378697223819,0.06253952709570763,2.512962387690798e-12,-0.5605130904401358,-0.31536264900462807,276,0.4981977455349378
diesel,net_import_to_demand_ratio,2013 held constant,control_2013_trend,0.0009362217977954882,0.0011407177457113447,0.4117998177634091,-0.0012995439003244671,0.0031719874959154435,276,0.4981977455349378
diesel,net_import_to_demand_ratio,2013 held constant,matosinhos_transition,0.08783564971238186,0.08589605600386412,0.3065061352132121,-0.08051752646922727,0.256188825893991,276,0.4981977455349378
diesel,net_import_to_demand_ratio,2013 held constant,matosinhos_transition_trend,0.034875960306169435,0.015421502864612822,0.02372738387994432,0.004650370104047029,0.06510155050829183,276,0.4981977455349378
diesel,net_import_to_demand_ratio,2013 held constant,energy_stress_2022,0.21979568055216614,0.07892966028541101,0.005357673313455418,0.06509638908077911,0.3744949720235532,276,0.4981977455349378
diesel,net_import_to_demand_ratio,2013 held constant,energy_stress_2022_trend,0.00848096370216532,0.006224168333121153,0.17301307066116733,-0.0037181820644668403,0.020680109468797482,276,0.4981977455349378
diesel,net_import_to_demand_ratio,2013 held constant,post_stress,0.3173553157650708,0.10026383339701617,0.0015497516135878312,0.12084181335499486,0.5138688181751467,276,0.4981977455349378
diesel,net_import_to_demand_ratio,2013 held constant,post_stress_trend,-0.008592920387040673,0.003704052452037338,0.020347907614944337,-0.01585272978988113,-0.0013331109842002146,276,0.4981977455349378
diesel,net_import_to_demand_ratio,2013 held constant,month_2,0.04362122476060294,0.049677236182128895,0.37989334526642593,-0.053744369007859755,0.14098681852906564,276,0.4981977455349378
diesel,net_import_to_demand_ratio,2013 held constant,month_3,0.05672667386627351,0.040383085058575886,0.16010642260323804,-0.022422718433152806,0.13587606616569983,276,0.4981977455349378
diesel,net_import_to_demand_ratio,2013 held constant,month_4,0.016453719568754452,0.04492499965425127,0.7141795578659245,-0.07159766175905243,0.10450510089656133,276,0.4981977455349378
diesel,net_import_to_demand_ratio,2013 held constant,month_5,-0.004442202573204117,0.04047207787934136,0.9125999634582849,-0.08376601759621338,0.07488161244980515,276,0.4981977455349378
diesel,net_import_to_demand_ratio,2013 held constant,month_6,-0.03496287778900979,0.045942257515614655,0.44664640893337804,-0.12500804788807912,0.05508229231005955,276,0.4981977455349378
diesel,net_import_to_demand_ratio,2013 held constant,month_7,0.0031131640352029064,0.03366051743435892,0.9263110307190323,-0.06286023783712315,0.06908656590752897,276,0.4981977455349378
diesel,net_import_to_demand_ratio,2013 held constant,month_8,0.036473731972242275,0.03506979886671124,0.2983247832988457,-0.03226181075157535,0.1052092746960599,276,0.4981977455349378
diesel,net_import_to_demand_ratio,2013 held constant,month_9,0.051747406630058765,0.04410313666516811,0.24066464799491993,-0.034693152838918676,0.13818796609903622,276,0.4981977455349378
diesel,net_import_to_demand_ratio,2013 held constant,month_10,0.07767186046819562,0.04244140826569908,0.06723555339097598,-0.005511771185735134,0.16085549212212635,276,0.4981977455349378
diesel,net_import_to_demand_ratio,2013 held constant,month_11,0.048882101712536076,0.05004441969030552,0.32868091487168716,-0.04920315850766987,0.146967361932742,276,0.4981977455349378
diesel,net_import_to_demand_ratio,2013 held constant,month_12,-0.01440017105721365,0.030961673066073045,0.6418622301925412,-0.07508393516782065,0.04628359305339334,276,0.4981977455349378
gasoline,imports_kt,no 2013 control,const,4.343415190326613,1.2801104039350826,0.0006913152196183102,1.8344449023788307,6.852385478274396,276,0.2859074445029324
gasoline,imports_kt,no 2013 control,trend,0.03797515972525965,0.007711269379200312,8.451949645812583e-07,0.0228613494669405,0.0530889699835788,276,0.2859074445029324
gasoline,imports_kt,no 2013 control,matosinhos_transition,11.3773221680069,4.206228128586497,0.00683300544884456,3.1332665252180547,19.621377810795746,276,0.2859074445029324
gasoline,imports_kt,no 2013 control,matosinhos_transition_trend,-1.4268471221674859,0.6950474566418152,0.040084482451572985,-2.7891151047316085,-0.06457913960336326,276,0.2859074445029324
gasoline,imports_kt,no 2013 control,energy_stress_2022,3.4374336065513837,2.892798089928661,0.23472590663016102,-2.232346464255052,9.10721367735782,276,0.2859074445029324
gasoline,imports_kt,no 2013 control,energy_stress_2022_trend,0.1564666035622937,0.5145008884008538,0.7610415144750161,-0.8519366077172414,1.1648698148418288,276,0.2859074445029324
gasoline,imports_kt,no 2013 control,post_stress,10.019610919394374,3.769330910452789,0.00785607731228037,2.6318580890933365,17.407363749695413,276,0.2859074445029324
gasoline,imports_kt,no 2013 control,post_stress_trend,-0.016075111071307685,0.2205865067075523,0.9419060593034139,-0.4484167196936133,0.41626649755099787,276,0.2859074445029324
gasoline,imports_kt,no 2013 control,month_2,3.242850811766493,2.384583826094796,0.17385423588168214,-1.4308476054960302,7.916549229029016,276,0.2859074445029324
gasoline,imports_kt,no 2013 control,month_3,0.340980638306037,1.9749495721975714,0.8629243208535669,-3.5298493944839904,4.211810671096064,276,0.2859074445029324
gasoline,imports_kt,no 2013 control,month_4,4.254122157649499,1.8190621505603015,0.019354339054883443,0.6888258569113312,7.819418458387668,276,0.2859074445029324
gasoline,imports_kt,no 2013 control,month_5,4.542162713166558,2.2153283648891673,0.040331864505469606,0.20019890405378327,8.884126522279333,276,0.2859074445029324
gasoline,imports_kt,no 2013 control,month_6,2.6477758465172876,1.337530847384295,0.047748511408709664,0.0262635574327299,5.269288135601846,276,0.2859074445029324
gasoline,imports_kt,no 2013 control,month_7,1.9707802842158395,1.4100236087667826,0.16220524389876323,-0.7928152063182499,4.734375774749929,276,0.2859074445029324
gasoline,imports_kt,no 2013 control,month_8,6.293784721914408,1.6692799504004519,0.00016301286760725796,3.0220561390147145,9.5655133048141,276,0.2859074445029324
gasoline,imports_kt,no 2013 control,month_9,0.8776587248303528,1.5462644569179351,0.5703070380064762,-2.152963921303186,3.9082813709638917,276,0.2859074445029324
gasoline,imports_kt,no 2013 control,month_10,3.0267501190506554,1.5201588537703605,0.046472654802165884,0.04729351488105804,6.006206723220252,276,0.2859074445029324
gasoline,imports_kt,no 2013 control,month_11,5.480189339357907,3.3600860886193753,0.10289729470149156,-1.1054583792901287,12.065837058005943,276,0.2859074445029324
gasoline,imports_kt,no 2013 control,month_12,2.107541603143421,1.0334048195409007,0.04140859639995282,0.08210537539314178,4.1329778308937,276,0.2859074445029324
gasoline,imports_kt,2013 held constant,const,1.8443285117624244,1.2753477226973986,0.1481385637804128,-0.6553070924896529,4.343964116014502,276,0.31955963540836885
gasoline,imports_kt,2013 held constant,trend,0.09345593033757352,0.017346556838712866,7.141343291939457e-08,0.05945730367791933,0.1274545569972277,276,0.31955963540836885
gasoline,imports_kt,2013 held constant,control_2013,-7.951449768379496,2.3581999000203866,0.0007467045453920651,-12.573436640765411,-3.329462895993582,276,0.31955963540836885
gasoline,imports_kt,2013 held constant,control_2013_trend,-0.012714554359775306,0.031122404368971124,0.6828818154421645,-0.07371334603525073,0.048284237315700126,276,0.31955963540836885
gasoline,imports_kt,2013 held constant,matosinhos_transition,10.47657698542305,4.316462491852595,0.01521917682658399,2.0164659607739477,18.936688010072153,276,0.31955963540836885
gasoline,imports_kt,2013 held constant,matosinhos_transition_trend,-1.4727746829804147,0.6964465026000115,0.03445561451121999,-2.8377847452353184,-0.10776462072551096,276,0.31955963540836885
gasoline,imports_kt,2013 held constant,energy_stress_2022,1.9295583726826726,3.0620317078845574,0.5285923699799797,-4.071913494290731,7.931030239656076,276,0.31955963540836885
gasoline,imports_kt,2013 held constant,energy_stress_2022_trend,0.1540869466989705,0.5118437694620662,0.7633817606448268,-0.8491084071579016,1.1572823005558426,276,0.31955963540836885
gasoline,imports_kt,2013 held constant,post_stress,8.11473907089157,4.064127935568844,0.04586059523285317,0.14919468861351515,16.080283453169624,276,0.31955963540836885
gasoline,imports_kt,2013 held constant,post_stress_trend,-0.049024472106367095,0.22133675877111503,0.8247088348003102,-0.48283654775258245,0.3847876035398483,276,0.31955963540836885
gasoline,imports_kt,2013 held constant,month_2,3.198865733988967,2.3339388715360534,0.17050381020188032,-1.3755703963397536,7.773301864317688,276,0.31955963540836885
gasoline,imports_kt,2013 held constant,month_3,0.2594389368012816,1.9056928489246514,0.8917114724604316,-3.4756504126865653,3.9945282862891287,276,0.31955963540836885
gasoline,imports_kt,2013 held constant,month_4,4.126701991238949,1.9253926477653112,0.03208868636603837,0.35300174552072505,7.900402236957174,276,0.31955963540836885
gasoline,imports_kt,2013 held constant,month_5,4.408026915875635,2.251110069126799,0.050211594268378464,-0.004067744848362587,8.820121576599632,276,0.31955963540836885
gasoline,imports_kt,2013 held constant,month_6,2.469758434790732,1.318702657443033,0.061086360893515525,-0.11485128011487289,5.054368149696337,276,0.31955963540836885
gasoline,imports_kt,2013 held constant,month_7,1.748881258053654,1.3224078763356868,0.18600250414917274,-0.8429905524363899,4.340753068543698,276,0.31955963540836885
gasoline,imports_kt,2013 held constant,month_8,6.028004081316572,1.6179410169530632,0.00019475426632191003,2.8568979589784593,9.199110203654685,276,0.31955963540836885
gasoline,imports_kt,2013 held constant,month_9,0.5679964697968876,1.4690442517268085,0.6990201198535715,-2.3112773552832504,3.4472702948770255,276,0.31955963540836885
gasoline,imports_kt,2013 held constant,month_10,2.673206249581547,1.4340713694213927,0.06231218499906617,-0.13752198574441765,5.483934484907511,276,0.31955963540836885
gasoline,imports_kt,2013 held constant,month_11,5.082763855453157,3.2494184446789394,0.11776890761371386,-1.285979266817722,11.451506977724037,276,0.31955963540836885
gasoline,imports_kt,2013 held constant,month_12,1.6662345048030467,0.9998121796495952,0.09560441236635207,-0.2933613586146504,3.625830368220744,276,0.31955963540836885
gasoline,exports_kt,no 2013 control,const,53.81587673702997,9.769049718307805,3.612596078854458e-08,34.66889112596551,72.96286234809443,276,0.2573753456031268
gasoline,exports_kt,no 2013 control,trend,0.36202981571630666,0.054592541686148355,3.323182990598607e-11,0.25503040018695433,0.469029231245659,276,0.2573753456031268
gasoline,exports_kt,no 2013 control,matosinhos_transition,8.393214151482116,15.888363958627338,0.5973177106929858,-22.747406980691707,39.53383528365594,276,0.2573753456031268
gasoline,exports_kt,no 2013 control,matosinhos_transition_trend,-6.825472358646253,3.531631425043995,0.05327706373897772,-13.74734275840235,0.09639804110984507,276,0.2573753456031268
gasoline,exports_kt,no 2013 control,energy_stress_2022,-54.784861594449524,16.18820608616249,0.0007137418564265996,-86.51316249764011,-23.056560691258934,276,0.2573753456031268
gasoline,exports_kt,no 2013 control,energy_stress_2022_trend,5.743993938327336,2.5646167612158606,0.025109853918457672,0.7174374521964904,10.770550424458182,276,0.2573753456031268
gasoline,exports_kt,no 2013 control,post_stress,-38.37442764553516,21.659385657313987,0.07644058113677311,-80.82604346113398,4.077188170063664,276,0.2573753456031268
gasoline,exports_kt,no 2013 control,post_stress_trend,1.1726445451969103,0.990410099524676,0.2364134675537496,-0.7685235797961851,3.113812670190006,276,0.2573753456031268
gasoline,exports_kt,no 2013 control,month_2,-13.167239238835805,9.960267765175882,0.18617599912641947,-32.68900533495578,6.354526857284174,276,0.2573753456031268
gasoline,exports_kt,no 2013 control,month_3,-6.468245775085897,10.663069858053133,0.5441146821418703,-27.367478661504663,14.430987111332868,276,0.2573753456031268
gasoline,exports_kt,no 2013 control,month_4,7.252799060122982,11.387354365028587,0.5241789385686049,-15.066005374528025,29.57160349477399,276,0.2573753456031268
gasoline,exports_kt,no 2013 control,month_5,3.174138932223924,13.03740920260555,0.8076460212294018,-22.378713556594022,28.726991421041866,276,0.2573753456031268
gasoline,exports_kt,no 2013 control,month_6,10.365856478678282,11.227672641748919,0.3558812203211006,-11.639977529355285,32.37169048671185,276,0.2573753456031268
gasoline,exports_kt,no 2013 control,month_7,15.296704459915219,9.866666704945214,0.12105953263267079,-4.0416069292378864,34.635015849068324,276,0.2573753456031268
gasoline,exports_kt,no 2013 control,month_8,5.314508962891352,10.891792097093022,0.6255944265595705,-16.033011274508958,26.662029200291663,276,0.2573753456031268
gasoline,exports_kt,no 2013 control,month_9,-3.058990881958668,11.74273138897024,0.7944775008636816,-26.074321484468342,19.956339720551007,276,0.2573753456031268
gasoline,exports_kt,no 2013 control,month_10,-13.389012465939075,12.616629990450747,0.2885902064302268,-38.11715285349047,11.339127921612313,276,0.2573753456031268
gasoline,exports_kt,no 2013 control,month_11,-24.63207752818039,12.187400312654933,0.04326837191029492,-48.51894320615625,-0.7452118502045266,276,0.2573753456031268
gasoline,exports_kt,no 2013 control,month_12,2.9509443661000034,9.952668023972098,0.7668499320294146,-16.555926510968735,22.457815243168742,276,0.2573753456031268
gasoline,exports_kt,2013 held constant,const,64.15762267349376,9.824757718879491,6.568237857866163e-11,44.901451387658064,83.41379395932947,276,0.2721018177740374
gasoline,exports_kt,2013 held constant,trend,0.1447519859650172,0.11009512523858267,0.18858043954973958,-0.07103049437603157,0.360534466306066,276,0.2721018177740374
gasoline,exports_kt,2013 held constant,control_2013,25.601396659309067,16.13261965427092,0.11252767737793193,-6.017956839344951,57.22075015796308,276,0.2721018177740374
gasoline,exports_kt,2013 held constant,control_2013_trend,0.1390184771200555,0.2600286747103463,0.5929074721046956,-0.37062836025990437,0.6486653145000154,276,0.2721018177740374
gasoline,exports_kt,2013 held constant,matosinhos_transition,8.003438799055672,19.51160552274645,0.6816675785686861,-30.23860530608018,46.245482904191526,276,0.2721018177740374
gasoline,exports_kt,2013 held constant,matosinhos_transition_trend,-6.724238363144231,3.563583617782259,0.059169532770978965,-13.70873390989441,0.26025718360594663,276,0.2721018177740374
gasoline,exports_kt,2013 held constant,energy_stress_2022,-53.70261346944602,19.872913220183893,0.006886118114517838,-92.65280764889636,-14.752419289995679,276,0.2721018177740374
gasoline,exports_kt,2013 held constant,energy_stress_2022_trend,5.680610332326047,2.5616126814098084,0.0265827026749576,0.6599417344217473,10.701278930230348,276,0.2721018177740374
gasoline,exports_kt,2013 held constant,post_stress,-36.60649996192516,26.190721224512302,0.16220628386729774,-87.93937029109806,14.726370367247739,276,0.2721018177740374
gasoline,exports_kt,2013 held constant,post_stress_trend,1.2159769465836274,1.0233157051083956,0.23472643966327233,-0.7896849802430386,3.2216388734102934,276,0.2721018177740374
gasoline,exports_kt,2013 held constant,month_2,-13.030662301419895,9.970902885271077,0.19125725992322928,-32.57327284989772,6.511948247057926,276,0.2721018177740374
gasoline,exports_kt,2013 held constant,month_3,-6.2150781403588935,10.694101656177272,0.561126698673158,-27.175132233476493,14.744975952758704,276,0.2721018177740374
gasoline,exports_kt,2013 held constant,month_4,7.649700919287682,11.4577000843321,0.5043588467276479,-14.806978591664773,30.106380430240137,276,0.2721018177740374
gasoline,exports_kt,2013 held constant,month_5,3.7317217702795547,12.877634285676715,0.77198211904257,-21.50797763572499,28.971421176284103,276,0.2721018177740374
gasoline,exports_kt,2013 held constant,month_6,11.062772063106351,11.605361326693105,0.34046510410330555,-11.683318164786115,33.80886229099882,276,0.2721018177740374
gasoline,exports_kt,2013 held constant,month_7,16.13295279071561,10.064646432776014,0.10894947138484488,-3.593391734654908,35.85929731608613,276,0.2721018177740374
gasoline,exports_kt,2013 held constant,month_8,6.290090040064115,11.300532570996785,0.577787835951465,-15.858546805211404,28.438726885339634,276,0.2721018177740374
gasoline,exports_kt,2013 held constant,month_9,-1.944077058413578,12.054337785182865,0.8718759154122286,-25.57014497485232,21.68199085802516,276,0.2721018177740374
gasoline,exports_kt,2013 held constant,month_10,-12.134765896021591,12.528033383420679,0.3327403108617356,-36.6892601246416,12.419728332598417,276,0.2721018177740374
gasoline,exports_kt,2013 held constant,month_11,-23.238498211890608,12.13676320675708,0.055528274516539154,-47.026116986025336,0.54912056224412,276,0.2721018177740374
gasoline,exports_kt,2013 held constant,month_12,4.483856428762223,10.089050075760605,0.6567331675823755,-15.290318357949666,24.258031215474112,276,0.2721018177740374
gasoline,demand_kt,no 2013 control,const,157.4939597475844,2.5730507936072233,0.0,152.45087286172205,162.53704663344675,276,0.9110802541790767
gasoline,demand_kt,no 2013 control,trend,-0.44053395559184505,0.016668678578995316,6.388208231676259e-154,-0.4732039652765502,-0.4078639459071399,276,0.9110802541790767
gasoline,demand_kt,no 2013 control,matosinhos_transition,22.946030198917043,3.2842119358501343,2.8128877159807765e-12,16.50909308705421,29.382967310779875,276,0.9110802541790767
gasoline,demand_kt,no 2013 control,matosinhos_transition_trend,0.8107445789776502,0.4763056061224638,0.08872686282643041,-0.1227972546568995,1.7442864126121997,276,0.9110802541790767
gasoline,demand_kt,no 2013 control,energy_stress_2022,32.22986858960979,3.493703310298794,2.832161033425368e-20,25.382335928755786,39.07740125046379,276,0.9110802541790767
gasoline,demand_kt,no 2013 control,energy_stress_2022_trend,1.2144181848758757,0.5182729036680502,0.01911902070274023,0.19862195952350037,2.230214410228251,276,0.9110802541790767
gasoline,demand_kt,no 2013 control,post_stress,42.79406340565404,3.2629069992813116,2.690507541511336e-39,36.39888320215901,49.189243609149074,276,0.9110802541790767
gasoline,demand_kt,no 2013 control,post_stress_trend,0.9233251116963526,0.14247116314244265,9.124604763340737e-11,0.6440867631016346,1.2025634602910706,276,0.9110802541790767
gasoline,demand_kt,no 2013 control,month_2,-6.935874514076389,1.387138815959504,5.729164947160543e-07,-9.65461663491455,-4.217132393238227,276,0.9110802541790767
gasoline,demand_kt,no 2013 control,month_3,3.9466686848507506,2.2443683780240633,0.0786664943403294,-0.45221250411699065,8.345549873818491,276,0.9110802541790767
gasoline,demand_kt,no 2013 control,month_4,2.1671561879093417,2.779142815827185,0.4355127115874796,-3.279863639005174,7.614176014823857,276,0.9110802541790767
gasoline,demand_kt,no 2013 control,month_5,6.998685856232137,2.484408680581842,0.004846804991683432,2.1293343194130507,11.868037393051223,276,0.9110802541790767
gasoline,demand_kt,no 2013 control,month_6,5.792619247161184,2.609843372907807,0.02645085559055057,0.6774202309713448,10.907818263351023,276,0.9110802541790767
gasoline,demand_kt,no 2013 control,month_7,17.325683072872717,2.710447960954591,1.6353255260338874e-10,12.013302687431693,22.63806345831374,276,0.9110802541790767
gasoline,demand_kt,no 2013 control,month_8,26.032659942062608,2.926389027754342,5.798417062698552e-19,20.297042842910912,31.768277041214304,276,0.9110802541790767
gasoline,demand_kt,no 2013 control,month_9,5.870071593861094,2.5527476430910716,0.021475932619251008,0.8667781517830857,10.873365035939102,276,0.9110802541790767
gasoline,demand_kt,no 2013 control,month_10,6.664004984790054,2.319755026114499,0.00406955550874427,2.1173686806498644,11.210641288930244,276,0.9110802541790767
gasoline,demand_kt,no 2013 control,month_11,1.675329680066877,2.0718259661288854,0.41873104455294174,-2.3853745957806405,5.736033955914395,276,0.9110802541790767
gasoline,demand_kt,no 2013 control,month_12,11.556219592734891,1.833042471817189,2.893260619732411e-10,7.963522365840923,15.148916819628859,276,0.9110802541790767
gasoline,demand_kt,2013 held constant,const,168.03549532297552,1.4264347423136865,0.0,165.23973460174403,170.831256044207,276,0.9622149571884787
gasoline,demand_kt,2013 held constant,trend,-0.6188275359176871,0.015644605247193973,0.0,-0.6494903987545336,-0.5881646730808406,276,0.9622149571884787
gasoline,demand_kt,2013 held constant,control_2013,0.4835365141888379,2.005881580605393,0.809509116205388,-3.4479191410500096,4.414992169427686,276,0.9622149571884787
gasoline,demand_kt,2013 held constant,control_2013_trend,0.4447136562680306,0.044723731134870895,2.690034176059261e-23,0.357056753989431,0.5323705585466303,276,0.9622149571884787
gasoline,demand_kt,2013 held constant,matosinhos_transition,8.109808407425042,3.2690669350562165,0.013109834645828388,1.7025549516641183,14.517061863185965,276,0.9622149571884787
gasoline,demand_kt,2013 held constant,matosinhos_transition_trend,0.6024347487223077,0.3985157262669058,0.13061114043901617,-0.17864172203365036,1.3835112194782657,276,0.9622149571884787
gasoline,demand_kt,2013 held constant,energy_stress_2022,15.245465101031005,4.191563156168814,0.00027564048182771885,7.030152276015091,23.46077792604692,276,0.9622149571884787
gasoline,demand_kt,2013 held constant,energy_stress_2022_trend,0.8929933843682313,0.44801873204706394,0.04623895312474102,0.014892805156685007,1.7710939635797776,276,0.9622149571884787
gasoline,demand_kt,2013 held constant,post_stress,23.15183365120363,4.236896184490805,4.646369667007715e-08,14.847669723366481,31.455997579040783,276,0.9622149571884787
gasoline,demand_kt,2013 held constant,post_stress_trend,0.6412832486249302,0.134519463680516,1.8678964908875039e-06,0.377629944591475,0.9049365526583855,276,0.9622149571884787
gasoline,demand_kt,2013 held constant,month_2,-6.956023121525291,1.026259673031206,1.2182205011408124e-11,-8.967455119452307,-4.944591123598276,276,0.9622149571884787
gasoline,demand_kt,2013 held constant,month_3,3.9092011827593085,1.7944585984672623,0.029369946001874408,0.3921269580152522,7.426275407503365,276,0.9622149571884787
gasoline,demand_kt,2013 held constant,month_4,2.114458120553536,2.258279057930822,0.3491115824609079,-2.3116875000319173,6.540603741138989,276,0.9622149571884787
gasoline,demand_kt,2013 held constant,month_5,7.575810344981701,1.51932169156332,6.154307643984992e-07,4.5979945485871205,10.55362614137628,276,0.9622149571884787
gasoline,demand_kt,2013 held constant,month_6,6.3635701197882355,1.4838177138035684,1.79764953570502e-05,3.45534084111068,9.271799398465792,276,0.9622149571884787
gasoline,demand_kt,2013 held constant,month_7,17.890460329377195,1.4971085627912741,6.491845179241915e-33,14.956181465359776,20.824739193394613,276,0.9622149571884787
gasoline,demand_kt,2013 held constant,month_8,26.59126358244457,1.52574514204677,5.02509259992935e-68,23.60085805444595,29.581669110443187,276,0.9622149571884787
gasoline,demand_kt,2013 held constant,month_9,6.422501618120539,1.3442260424694776,1.7718522457821697e-06,3.787866987799554,9.057136248441525,276,0.9622149571884787
gasoline,demand_kt,2013 held constant,month_10,7.2102613929269666,1.2638220471255572,1.1625847624605798e-08,4.733215697693192,9.687307088160741,276,0.9622149571884787
gasoline,demand_kt,2013 held constant,month_11,2.2154124720812582,1.4716526215171202,0.13222360593970156,-0.6689736638462529,5.099798608008769,276,0.9622149571884787
gasoline,demand_kt,2013 held constant,month_12,12.090128768626826,1.4684763103208485,1.824127078070426e-16,9.2119680882477,14.968289449005953,276,0.9622149571884787
gasoline,refinery_output_kt,no 2013 control,const,204.06304612748977,10.522687073700293,8.898705266707412e-84,183.43895844245202,224.68713381252752,276,0.0661581321427619
gasoline,refinery_output_kt,no 2013 control,trend,-0.10574020998750064,0.06134002754417011,0.08473727034287444,-0.22596445478476895,0.014484034809767676,276,0.0661581321427619
gasoline,refinery_output_kt,no 2013 control,matosinhos_transition,9.685236752150239,20.316132974039537,0.633556967619453,-30.13365218209387,49.504125686394346,276,0.0661581321427619
gasoline,refinery_output_kt,no 2013 control,matosinhos_transition_trend,-3.9239837248812908,3.753980733107294,0.29589077907791883,-11.281650760428857,3.4336833106662743,276,0.0661581321427619
gasoline,refinery_output_kt,no 2013 control,energy_stress_2022,25.742833724469207,13.84112512555355,0.06290248585968994,-1.3852730271281821,52.87094047606659,276,0.0661581321427619
gasoline,refinery_output_kt,no 2013 control,energy_stress_2022_trend,-3.149884651998943,1.6895297733668202,0.062271753930212885,-6.46130215860603,0.16153285460814448,276,0.0661581321427619
gasoline,refinery_output_kt,no 2013 control,post_stress,-4.3273960306145645,26.17719940547,0.8686986894675494,-55.63376408145908,46.978972020229946,276,0.0661581321427619
gasoline,refinery_output_kt,no 2013 control,post_stress_trend,2.1615534748264458,1.1686091049974283,0.06435961251028133,-0.12887828297410042,4.451985232626992,276,0.0661581321427619
gasoline,refinery_output_kt,no 2013 control,month_2,-24.607265147611315,11.300590524296945,0.02944176966910313,-46.75601557926794,-2.4585147159546956,276,0.0661581321427619
gasoline,refinery_output_kt,no 2013 control,month_3,-8.79267960918485,10.8977102647763,0.41976020069068154,-30.151799242098853,12.566440023729156,276,0.0661581321427619
gasoline,refinery_output_kt,no 2013 control,month_4,0.34900745742658046,12.885358504041319,0.9783914730123174,-24.905831138381313,25.603846053234474,276,0.0661581321427619
gasoline,refinery_output_kt,no 2013 control,month_5,16.286988578292092,13.895365047012396,0.2411502304123314,-10.947426465888917,43.5214036224731,276,0.0661581321427619
gasoline,refinery_output_kt,no 2013 control,month_6,7.338414067724273,12.051080083740956,0.5425625946185357,-16.28126887121594,30.958097006664484,276,0.0661581321427619
gasoline,refinery_output_kt,no 2013 control,month_7,17.085491731069474,11.431686748361322,0.13502588567448032,-5.320202578262517,39.491186040401466,276,0.0661581321427619
gasoline,refinery_output_kt,no 2013 control,month_8,22.136917220501857,10.007698906030074,0.026967443464580347,2.522187796562015,41.7516466444417,276,0.0661581321427619
gasoline,refinery_output_kt,no 2013 control,month_9,2.4926905360208265,13.577744606763469,0.8543378588392165,-24.11919988451853,29.104580956560184,276,0.0661581321427619
gasoline,refinery_output_kt,no 2013 control,month_10,-4.325449191938361,14.348877013863834,0.7630724231088406,-32.448731357706116,23.797832973829394,276,0.0661581321427619
gasoline,refinery_output_kt,no 2013 control,month_11,-22.57837152859308,13.309116434497714,0.0897989717878553,-48.66376040625874,3.5070173490725765,276,0.0661581321427619
gasoline,refinery_output_kt,no 2013 control,month_12,12.342619178230365,7.7270289313748135,0.11019205001921398,-2.8020792347632906,27.48731759122402,276,0.0661581321427619
gasoline,refinery_output_kt,2013 held constant,const,231.48186310483732,9.359855071331449,4.9215802367989925e-135,213.1368842645131,249.82684194516153,276,0.1670829986345772
gasoline,refinery_output_kt,2013 held constant,trend,-0.6346889942718303,0.10677595764531268,2.7794770365489256e-09,-0.8439660256714174,-0.42541196287224325,276,0.1670829986345772
gasoline,refinery_output_kt,2013 held constant,control_2013,39.93124061692491,17.46474362111009,0.02223136766214123,5.700972120323485,74.16150911352634,276,0.1670829986345772
gasoline,refinery_output_kt,2013 held constant,control_2013_trend,0.6991825305226106,0.29467150331655756,0.01765609302729014,0.12163699675188266,1.2767280642933385,276,0.1670829986345772
gasoline,refinery_output_kt,2013 held constant,matosinhos_transition,-7.102112983348723,24.710921933074648,0.7738000500062345,-55.53462999695593,41.33040403025848,276,0.1670829986345772
gasoline,refinery_output_kt,2013 held constant,matosinhos_transition_trend,-3.9954540341347298,3.749630798694193,0.2866228979267035,-11.344595354897505,3.353687286628046,276,0.1670829986345772
gasoline,refinery_output_kt,2013 held constant,energy_stress_2022,8.877278895312982,19.902613138881204,0.655571352646352,-30.13112605512785,47.88568384575382,276,0.1670829986345772
gasoline,refinery_output_kt,2013 held constant,energy_stress_2022_trend,-3.5981384600274477,1.6078954915886368,0.025234509065389866,-6.749555714445501,-0.4467212056093941,276,0.1670829986345772
gasoline,refinery_output_kt,2013 held constant,post_stress,-23.0374956615562,31.810835241159243,0.46894124543455673,-85.38558705236585,39.31059572925344,276,0.1670829986345772
gasoline,refinery_output_kt,2013 held constant,post_stress_trend,1.9205183500454241,1.2066579642921766,0.11147432425092581,-0.4444878016256606,4.285524501716509,276,0.1670829986345772
gasoline,refinery_output_kt,2013 held constant,month_2,-24.419040267998895,11.022971530448356,0.026740404337653262,-46.02366747028803,-2.8144130657097577,276,0.1670829986345772
gasoline,refinery_output_kt,2013 held constant,month_3,-8.443903675997728,10.442522637774914,0.41874086385886045,-28.910871953780763,12.023064601785308,276,0.1670829986345772
gasoline,refinery_output_kt,2013 held constant,month_4,0.9023901614769443,12.252782523112637,0.9412906559558872,-23.112622294225638,24.917402617179526,276,0.1670829986345772
gasoline,refinery_output_kt,2013 held constant,month_5,17.774862824314425,13.436362550386969,0.18587114024566043,-8.559923857666782,44.10964950629563,276,0.1670829986345772
gasoline,refinery_output_kt,2013 held constant,month_6,9.034002489360091,11.583258479417024,0.4354385988458914,-13.668766953915465,31.736771932635648,276,0.1670829986345772
gasoline,refinery_output_kt,2013 held constant,month_7,18.988794328318814,10.891711441453406,0.08126080985217429,-2.358567826932699,40.33615648357033,276,0.1670829986345772
gasoline,refinery_output_kt,2013 held constant,month_8,24.247933993364484,9.443557056507608,0.010238470271516625,5.73890227666049,42.75696571006848,276,0.1670829986345772
gasoline,refinery_output_kt,2013 held constant,month_9,4.811421484497057,12.182812057996182,0.6928907011823418,-19.066451379595758,28.689294348589872,276,0.1670829986345772
gasoline,refinery_output_kt,2013 held constant,month_10,-1.7990040678486707,13.857780823407149,0.8967095835299377,-28.959755387376497,25.361747251679155,276,0.1670829986345772
gasoline,refinery_output_kt,2013 held constant,month_11,-19.844212228889983,13.07677780523493,0.12913659817577167,-45.474225760983174,5.785801303203211,276,0.1670829986345772
gasoline,refinery_output_kt,2013 held constant,month_12,15.284492653546977,7.668112482740308,0.0462336867398141,0.2552683579739554,30.31371694912,276,0.1670829986345772
gasoline,net_imports_kt,no 2013 control,const,-49.472461546703336,9.885482185970316,5.599057028307747e-07,-68.84765060101745,-30.09727249238923,276,0.17906877347032701
gasoline,net_imports_kt,no 2013 control,trend,-0.3240546559910469,0.05620644707607599,8.144715550500159e-09,-0.4342172679591124,-0.21389204402298131,276,0.17906877347032701
gasoline,net_imports_kt,no 2013 control,matosinhos_transition,2.98410801652477,18.15427971706948,0.8694360172140199,-32.597626394197405,38.56584242724695,276,0.17906877347032701
gasoline,net_imports_kt,no 2013 control,matosinhos_transition_trend,5.398625236478766,4.0034328313654175,0.17749793622191312,-2.4479589275226674,13.2452094004802,276,0.17906877347032701
gasoline,net_imports_kt,no 2013 control,energy_stress_2022,58.22229520100092,15.399740791196281,0.0001563678307106099,28.03935787900385,88.40523252299799,276,0.17906877347032701
gasoline,net_imports_kt,no 2013 control,energy_stress_2022_trend,-5.587527334765043,2.465443091647695,0.023430697254002326,-10.419707000327609,-0.755347669202477,276,0.17906877347032701
gasoline,net_imports_kt,no 2013 control,post_stress,48.394038564929566,24.385516327444815,0.04719564616329797,0.5993048187242778,96.18877231113485,276,0.17906877347032701
gasoline,net_imports_kt,no 2013 control,post_stress_trend,-1.1887196562682185,1.1339094922916126,0.2944832136389214,-3.4111414228878774,1.03370211035144,276,0.17906877347032701
gasoline,net_imports_kt,no 2013 control,month_2,16.410090050602335,10.268979999114602,0.11003734215212857,-3.716740905624441,36.53692100682911,276,0.17906877347032701
gasoline,net_imports_kt,no 2013 control,month_3,6.809226413391923,11.299653260645838,0.5467715604522002,-15.33768701526451,28.956139842048355,276,0.17906877347032701
gasoline,net_imports_kt,no 2013 control,month_4,-2.998676902473491,11.626866696761534,0.7964769171130113,-25.78691688117428,19.7895630762273,276,0.17906877347032701
gasoline,net_imports_kt,no 2013 control,month_5,1.3680237809426326,13.478618888851615,0.9191568576585093,-25.049583802547815,27.78563136443308,276,0.17906877347032701
gasoline,net_imports_kt,no 2013 control,month_6,-7.718080632160934,11.211418311838083,0.49119304746899173,-29.69205673897643,14.255895474654562,276,0.17906877347032701
gasoline,net_imports_kt,no 2013 control,month_7,-13.325924175699363,9.959977947467062,0.1809136633559365,-32.84712223954797,6.195273888149249,276,0.17906877347032701
gasoline,net_imports_kt,no 2013 control,month_8,0.9792757590230678,10.864583698424761,0.9281801918830731,-20.314916996910444,22.27346851495658,276,0.17906877347032701
gasoline,net_imports_kt,no 2013 control,month_9,3.9366496067890164,11.75210361871059,0.7376446704698782,-19.09705022846658,26.970349442044615,276,0.17906877347032701
gasoline,net_imports_kt,no 2013 control,month_10,16.41576258498978,12.333015117545578,0.18317515217985736,-7.756502866187578,40.58802803616713,276,0.17906877347032701
gasoline,net_imports_kt,no 2013 control,month_11,30.11226686753829,14.096796547618478,0.03267068706112188,2.4830533368174983,57.74148039825908,276,0.17906877347032701
gasoline,net_imports_kt,no 2013 control,month_12,-0.8434027629566003,10.014104512555905,0.9328803355241093,-20.47068694498621,18.78388141907301,276,0.17906877347032701
gasoline,net_imports_kt,2013 held constant,const,-62.31329416173139,9.766829637647131,1.769789648278789e-10,-81.45592849465815,-43.17065982880463,276,0.20555937102438493
gasoline,net_imports_kt,2013 held constant,trend,-0.05129605562744366,0.11119994649797083,0.6445864794491197,-0.2692439458462474,0.16665183459136007,276,0.20555937102438493
gasoline,net_imports_kt,2013 held constant,control_2013,-33.55284642768855,17.149229484783447,0.05040368204285239,-67.16471858047649,0.05902572509939574,276,0.20555937102438493
gasoline,net_imports_kt,2013 held constant,control_2013_trend,-0.15173303147983072,0.27034249344793804,0.5746187838117965,-0.6815945821285448,0.37812851916888335,276,0.20555937102438493
gasoline,net_imports_kt,2013 held constant,matosinhos_transition,2.4731381863674047,21.278985709628664,0.9074746681181847,-39.232907432047256,44.17918380478207,276,0.20555937102438493
gasoline,net_imports_kt,2013 held constant,matosinhos_transition_trend,5.251463680163816,4.044772393397983,0.1941727441277603,-2.6761445365581054,13.179071896885738,276,0.20555937102438493
gasoline,net_imports_kt,2013 held constant,energy_stress_2022,55.6321718421287,19.05394911736212,0.003503474533430999,18.287117808840193,92.9772258754172,276,0.20555937102438493
gasoline,net_imports_kt,2013 held constant,energy_stress_2022_trend,-5.526523385627077,2.457417614342918,0.024517903147358473,-10.342973404713536,-0.7100733665406178,276,0.20555937102438493
gasoline,net_imports_kt,2013 held constant,post_stress,44.72123903281671,28.63275430569601,0.11831368733194693,-11.39792818453163,100.84040625016505,276,0.20555937102438493
gasoline,net_imports_kt,2013 held constant,post_stress_trend,-1.265001418689995,1.1660475272756445,0.27798248944261517,-3.5504125764122447,1.0204097390322548,276,0.20555937102438493
gasoline,net_imports_kt,2013 held constant,month_2,16.22952803540889,10.234495880964129,0.1127921252479325,-3.8297152912043337,36.28877136202212,276,0.20555937102438493
gasoline,net_imports_kt,2013 held constant,month_3,6.474517077160166,11.290102928440234,0.5663276001997638,-15.653678044332889,28.60271219865322,276,0.20555937102438493
gasoline,net_imports_kt,2013 held constant,month_4,-3.5229989280487075,11.802567674886273,0.76532594194388,-26.65560649592245,19.609608639825034,276,0.20555937102438493
gasoline,net_imports_kt,2013 held constant,month_5,0.6763051455960813,13.28758267950909,0.9594071732830612,-25.36687834783996,26.719488639032125,276,0.20555937102438493
gasoline,net_imports_kt,2013 held constant,month_6,-8.59301362831556,11.696334541705223,0.462536978041338,-31.517408081189597,14.331380824558476,276,0.20555937102438493
gasoline,net_imports_kt,2013 held constant,month_7,-14.384071532661988,10.164733685085725,0.1570404213950246,-34.306583467871114,5.538440402547138,276,0.20555937102438493
gasoline,net_imports_kt,2013 held constant,month_8,-0.2620859587475479,11.35842229522958,0.9815911241765599,-22.5241845785943,22.000012661099206,276,0.20555937102438493
gasoline,net_imports_kt,2013 held constant,month_9,2.5120735282104687,12.085270286777737,0.8353363927360251,-21.174620977305946,26.198768033726882,276,0.20555937102438493
gasoline,net_imports_kt,2013 held constant,month_10,14.807972145603173,12.138681480461786,0.22250295426327704,-8.983406375905272,38.59935066711162,276,0.20555937102438493
gasoline,net_imports_kt,2013 held constant,month_11,28.32126206734378,13.899086076228212,0.041586464835936934,1.0795539399143514,55.562970194773214,276,0.20555937102438493
gasoline,net_imports_kt,2013 held constant,month_12,-2.817621923959237,10.125486673459017,0.7808048952481524,-22.66321112987919,17.027967281960716,276,0.20555937102438493
gasoline,net_import_to_demand_ratio,no 2013 control,const,-0.26444447355711453,0.1019342421486914,0.009479329209874751,-0.4642319169599345,-0.06465703015429461,276,0.3940705976243648
gasoline,net_import_to_demand_ratio,no 2013 control,trend,-0.006084630396964255,0.0005582027617595918,1.1475845794180283e-27,-0.007178687706083846,-0.004990573087844663,276,0.3940705976243648
gasoline,net_import_to_demand_ratio,no 2013 control,matosinhos_transition,0.17712686466032315,0.2037097408706589,0.38457036675238576,-0.22213689074615536,0.5763906200668016,276,0.3940705976243648
gasoline,net_import_to_demand_ratio,no 2013 control,matosinhos_transition_trend,0.06243210458629778,0.0508693076611116,0.2197083541196434,-0.0372699063479684,0.16213411552056398,276,0.3940705976243648
gasoline,net_import_to_demand_ratio,no 2013 control,energy_stress_2022,0.8711113126750069,0.16821575735301175,2.2363422635704967e-07,0.541414486630975,1.2008081387190388,276,0.3940705976243648
gasoline,net_import_to_demand_ratio,no 2013 control,energy_stress_2022_trend,-0.051771452878906665,0.027828505992267327,0.06283250926708954,-0.1063143223673077,0.0027714166094943773,276,0.3940705976243648
gasoline,net_import_to_demand_ratio,no 2013 control,post_stress,0.8615837605304554,0.24170010039562126,0.00036429895696190684,0.3878602686953224,1.3353072523655882,276,0.3940705976243648
gasoline,net_import_to_demand_ratio,no 2013 control,post_stress_trend,-0.00577415827977804,0.011005973507986815,0.5998344639395461,-0.027345469970234154,0.015797153410678076,276,0.3940705976243648
gasoline,net_import_to_demand_ratio,no 2013 control,month_2,0.11191126806939944,0.12231121843268439,0.36020663902163574,-0.12781431496387355,0.3516368511026724,276,0.3940705976243648
gasoline,net_import_to_demand_ratio,no 2013 control,month_3,0.09777658910290138,0.11666062255044604,0.40195855479909504,-0.13087402950999413,0.3264272077157969,276,0.3940705976243648
gasoline,net_import_to_demand_ratio,no 2013 control,month_4,-0.01244409369702093,0.13304704562129077,0.9254813024086319,-0.27321151136420835,0.2483233239701665,276,0.3940705976243648
gasoline,net_import_to_demand_ratio,no 2013 control,month_5,0.13783981776037144,0.14962178219687117,0.3569172994717039,-0.1554134866481923,0.43109312216893514,276,0.3940705976243648
gasoline,net_import_to_demand_ratio,no 2013 control,month_6,0.04482926206002513,0.12064217856469292,0.7101991545581805,-0.1916250629432231,0.2812835870632734,276,0.3940705976243648
gasoline,net_import_to_demand_ratio,no 2013 control,month_7,0.08681579149316082,0.10765052761387253,0.41997794683852685,-0.1241753655467639,0.29780694853308554,276,0.3940705976243648
gasoline,net_import_to_demand_ratio,no 2013 control,month_8,0.22805748775765033,0.10952422679850951,0.037319084803451724,0.013393947797975064,0.4427210277173256,276,0.3940705976243648
gasoline,net_import_to_demand_ratio,no 2013 control,month_9,0.15725946445904404,0.12369673641644706,0.20361100789602493,-0.08518168392233635,0.39970061284042446,276,0.3940705976243648
gasoline,net_import_to_demand_ratio,no 2013 control,month_10,0.28742402354050345,0.13545703500307818,0.033847537244340156,0.021933113481888755,0.5529149335991181,276,0.3940705976243648
gasoline,net_import_to_demand_ratio,no 2013 control,month_11,0.36889538687350754,0.15650642829286596,0.018420160980441417,0.062148424070489705,0.6756423496765254,276,0.3940705976243648
gasoline,net_import_to_demand_ratio,no 2013 control,month_12,0.10124151263438319,0.10685890207433456,0.3434188376620473,-0.10819808685880503,0.31068111212757143,276,0.3940705976243648
gasoline,net_import_to_demand_ratio,2013 held constant,const,-0.44045072983471145,0.09021935042220239,1.0501607653950502e-06,-0.6172774073708267,-0.26362405229859626,276,0.42515447299734643
gasoline,net_import_to_demand_ratio,2013 held constant,trend,-0.002462368871970535,0.0009557175032069116,0.009981746581255233,-0.004335540757650625,-0.0005891969862904449,276,0.42515447299734643
gasoline,net_import_to_demand_ratio,2013 held constant,control_2013,-0.39087467552787114,0.17883420402223718,0.02883888900544759,-0.7413832746153441,-0.04036607644039819,276,0.42515447299734643
gasoline,net_import_to_demand_ratio,2013 held constant,control_2013_trend,-0.0028963878417148704,0.0028254794711569265,0.30531786973329145,-0.008434225844239725,0.002641450160809984,276,0.42515447299734643
gasoline,net_import_to_demand_ratio,2013 held constant,matosinhos_transition,0.20903640284786762,0.2415024454255518,0.3867279868527074,-0.26429969236456385,0.6823724980602991,276,0.42515447299734643
gasoline,net_import_to_demand_ratio,2013 held constant,matosinhos_transition_trend,0.06125449584327512,0.051376974022857964,0.23316095546416893,-0.03944252287617642,0.16195151456272666,276,0.42515447299734643
gasoline,net_import_to_demand_ratio,2013 held constant,energy_stress_2022,0.8843555788396671,0.2054806674587478,1.678641565009728e-05,0.48162087110126994,1.2870902865780642,276,0.42515447299734643
gasoline,net_import_to_demand_ratio,2013 held constant,energy_stress_2022_trend,-0.05024315802917133,0.02770209312636182,0.06972463837304729,-0.10453826285321509,0.0040519467948724325,276,0.42515447299734643
gasoline,net_import_to_demand_ratio,2013 held constant,post_stress,0.8690345810588516,0.2911071071266538,0.0028332408483414235,0.2984751354469669,1.4395940266707363,276,0.42515447299734643
gasoline,net_import_to_demand_ratio,2013 held constant,post_stress_trend,-0.0059405855984234505,0.011437605921690026,0.6034883487048792,-0.028357881274297954,0.01647671007745105,276,0.42515447299734643
gasoline,net_import_to_demand_ratio,2013 held constant,month_2,0.10986583773922587,0.12139450607499268,0.36544876143844185,-0.1280630220887886,0.34779469756724035,276,0.42515447299734643
gasoline,net_import_to_demand_ratio,2013 held constant,month_3,0.09398525820745456,0.11549108290632304,0.415766406623159,-0.13237310482446807,0.3203436212393772,276,0.42515447299734643
gasoline,net_import_to_demand_ratio,2013 held constant,month_4,-0.018398502904935832,0.1337280048921022,0.8905711572375916,-0.2805005762178523,0.24370357040798063,276,0.42515447299734643
gasoline,net_import_to_demand_ratio,2013 held constant,month_5,0.12833495901444653,0.14651100733989103,0.3810622547076492,-0.15882133871042342,0.4154912567393165,276,0.42515447299734643
gasoline,net_import_to_demand_ratio,2013 held constant,month_6,0.03321252538176489,0.1241894095331322,0.789134684305936,-0.21019424456446947,0.2766192953279992,276,0.42515447299734643
gasoline,net_import_to_demand_ratio,2013 held constant,month_7,0.0730871768825668,0.10889595498184554,0.5021152865505217,-0.14034497294394552,0.2865193267090791,276,0.42515447299734643
gasoline,net_import_to_demand_ratio,2013 held constant,month_8,0.21221699521472093,0.11358674591643932,0.06171673722000858,-0.010408935902602195,0.434842926332044,276,0.42515447299734643
gasoline,net_import_to_demand_ratio,2013 held constant,month_9,0.13930709398378038,0.1264818361874554,0.27072260679639204,-0.10859274964212709,0.38720693760968783,276,0.42515447299734643
gasoline,net_import_to_demand_ratio,2013 held constant,month_10,0.26735977513290465,0.1333292216127323,0.044935242489339375,0.006039302685189929,0.5286802475806194,276,0.42515447299734643
gasoline,net_import_to_demand_ratio,2013 held constant,month_11,0.34671926053357466,0.1535659283559243,0.023958899912103142,0.045735571703504785,0.6477029493636446,276,0.42515447299734643
gasoline,net_import_to_demand_ratio,2013 held constant,month_12,0.0769535083621149,0.10735669452222744,0.47349619117694375,-0.1334617464007194,0.2873687631249492,276,0.42515447299734643
